StatType,StatEnum,StatNameKey,StatNamePTBR
1,STAT_STR,Enum_eSTATUS_STR,FOR
2,STAT_DEX,Enum_eSTATUS_DEX,DES
3,STAT_VIT,Enum_eSTATUS_VIT,VIT
4,STAT_INT,Enum_eSTATUS_INT,INT
5,STAT_WIS,Enum_eSTATUS_WIS,AGI
6,STAT_AGI,Enum_eSTATUS_AGI,Agilidade
7,STAT_P_ATKPOW,Enum_eSTATUS_P_ATKPOW,ATQ Físico
8,STAT_P_DEFPOW,Enum_eSTATUS_P_DEFPOW,DEF Física
9,STAT_P_HITPOW,Enum_eSTATUS_P_HITPOW,Precisão Física
10,STAT_P_CRIHITPOW,Enum_eSTATUS_P_CRIHITPOW,Taxa Crít. FÍS
11,STAT_P_CRIDMG,Enum_eSTATUS_P_CRIDMG,Dano Crít. FÍS
12,STAT_P_GIVECRIDMGINCRATE,Enum_eSTATUS_P_GIVECRIDMGINCRATE,Aum. de Dano Crít. FÍS
13,STAT_P_GIVECRIDMGDECRATE,Enum_eSTATUS_P_GIVECRIDMGDECRATE,Red. de Dano Crít. FÍS Causado
14,STAT_P_ACCEPTCRIDMGINCRATE,Enum_eSTATUS_P_ACCEPTCRIDMGINCRATE,Aum. de Dano Crít. FÍS Recebido
15,STAT_P_ACCEPTCRIDMGDECRATE,Enum_eSTATUS_P_ACCEPTCRIDMGDECRATE,Red. de Dano Crít. FÍS
16,STAT_P_ATKPOWRATE,Enum_eSTATUS_P_ATKPOWRATE,Aumento de ATQ Físico
17,STAT_P_DEFPOWRATE,Enum_eSTATUS_P_DEFPOWRATE,Aumento de DEF Física
18,STAT_P_HITPOWRATE,Enum_eSTATUS_P_HITPOWRATE,Aumento de Precisão Física
19,STAT_P_CRIHITPOWRATE,Enum_eSTATUS_P_CRIHITPOWRATE,Aum. de Chance Crít. FÍS
20,STAT_F_ATKPOW,Enum_eSTATUS_F_ATKPOW,ATQ de Força
21,STAT_F_DEFPOW,Enum_eSTATUS_F_DEFPOW,DEF de Força
22,STAT_F_HITPOW,Enum_eSTATUS_F_HITPOW,Precisão de Força
23,STAT_F_CRIHITPOW,Enum_eSTATUS_F_CRIHITPOW,Taxa Crít. FOR
24,STAT_F_CRIDMG,Enum_eSTATUS_F_CRIDMG,Dano Crít. FOR
25,STAT_F_GIVECRIDMGINCRATE,Enum_eSTATUS_F_GIVECRIDMGINCRATE,Aum. de Dano Crít. FOR
26,STAT_F_GIVECRIDMGDECRATE,Enum_eSTATUS_F_GIVECRIDMGDECRATE,Red. de Dano Crít. FOR Causado
27,STAT_F_ACCEPTCRIDMGINCRATE,Enum_eSTATUS_F_ACCEPTCRIDMGINCRATE,Aum. de Dano Crít. FOR Recebido
28,STAT_F_ACCEPTCRIDMGDECRATE,Enum_eSTATUS_F_ACCEPTCRIDMGDECRATE,Red. de Dano Crít. FOR
29,STAT_F_ATKPOWRATE,Enum_eSTATUS_F_ATKPOWRATE,Aumento de ATQ de Força
30,STAT_F_DEFPOWRATE,Enum_eSTATUS_F_DEFPOWRATE,Aumento de DEF de Força
31,STAT_F_HITPOWRATE,Enum_eSTATUS_F_HITPOWRATE,Aumento de Precisão de Força
32,STAT_F_CRIHITPOWRATE,Enum_eSTATUS_F_CRIHITPOWRATE,Aum. de Taxa Crít. FOR
33,STAT_WEAPONATKPOW,Enum_eSTATUS_WEAPONATKPOW,ATQ da Arma
34,STAT_ARMORDEFPOW,Enum_eSTATUS_ARMORDEFPOW,DEF da Armadura
35,STAT_ATKPOW,Enum_eSTATUS_ATKPOW,ATQ
36,STAT_DEFPOW,Enum_eSTATUS_DEFPOW,DEF
37,STAT_MAXHP,Enum_eSTATUS_MAXHP,HP Máx.
38,STAT_HITPOW,Enum_eSTATUS_HITPOW,Precisão
39,STAT_CRIDMG,Enum_eSTATUS_CRIDMG,Dano Crítico
40,STAT_DODGEPOW,Enum_eSTATUS_DODGEPOW,Evasão
41,STAT_CRIHITPOW,Enum_eSTATUS_CRIHITPOW,Chance de Crítico
42,STAT_CRIRESPOW,Enum_eSTATUS_CRIRESPOW,Res. a Crítico
43,STAT_ATKPOWRATE,Enum_eSTATUS_ATKPOWRATE,Aumento de ATQ
44,STAT_DEFPOWRATE,Enum_eSTATUS_DEFPOWRATE,Aumento de DEF
45,STAT_MAXHPRATE,Enum_eSTATUS_MAXHPRATE,Aumento de HP Máx.
46,STAT_HITPOWRATE,Enum_eSTATUS_HITPOWRATE,Aumento de Precisão
47,STAT_CRIHITPOWRATE,Enum_eSTATUS_CRIHITPOWRATE,Aumento da Chance de Crítico
48,STAT_DODGEPOWRATE,Enum_eSTATUS_DODGEPOWRATE,Aumento de Evasão
49,STAT_CRIRESPOWRATE,Enum_eSTATUS_CRIRESPOWRATE,Aumento de Res. Crít.
50,STAT_SKILLDMGINCRATE_SINGLE,Enum_eSTATUS_SKILLDMGINCRATE_SINGLE,Aum. de Dano Alvo Úni.
51,STAT_SKILLDMGDECRATE_SINGLE,Enum_eSTATUS_SKILLDMGDECRATE_SINGLE,Red. de Dano Alvo Úni.
52,STAT_SKILLDMGINCRATE_MULTI,Enum_eSTATUS_SKILLDMGINCRATE_MULTI,Aum. de Dano em Área
53,STAT_SKILLDMGDECRATE_MULTI,Enum_eSTATUS_SKILLDMGDECRATE_MULTI,Red. de Dano Alvo em Área
54,STAT_SKILLREUSEDECRATE_SINGLE,Enum_eSTATUS_SKILLREUSEDECRATE_SINGLE,Red. de TR ALVO ÚNI.
55,STAT_SKILLREUSEINCRATE_SINGLE,Enum_eSTATUS_SKILLREUSEINCRATE_SINGLE,Aumento do Tempo de Recarga de Alvo Único
56,STAT_SKILLREUSEDECRATE_MULTI,Enum_eSTATUS_SKILLREUSEDECRATE_MULTI,Red. de Tempo Rec. em Área
57,STAT_SKILLREUSEINCRATE_MULTI,Enum_eSTATUS_SKILLREUSEINCRATE_MULTI,Aumento do Tempo de Recarga de Hab. em Área
58,STAT_SKILLREUSEDECRATE_ALL,Enum_eSTATUS_SKILLREUSEDECRATE_ALL,Red. de Tempo Rec. de Hab.
59,STAT_SKILLREUSEINCRATE_ALL,Enum_eSTATUS_SKILLREUSEINCRATE_ALL,Aumento do Tempo de Recarga da Hab.
60,STAT_PVEDMGDECRATE,Enum_eSTATUS_PVEDMGDECRATE,Red. de Dano PvE
61,STAT_PVEDMGINCRATE,Enum_eSTATUS_PVEDMGINCRATE,Aum. de Dano PVE
62,STAT_PVPDMGDECRATE,Enum_eSTATUS_PVPDMGDECRATE,Red. de Dano PvP
63,STAT_PVPDMGINCRATE,Enum_eSTATUS_PVPDMGINCRATE,Aum. de Dano PvP
64,STAT_DMGDECRATE,Enum_eSTATUS_DMGDECRATE,Red. de Dano
65,STAT_DMGINCRATE,Enum_eSTATUS_DMGINCRATE,Aum. de Dano
66,STAT_CONHITRATE,Enum_eSTATUS_CONHITRATE,Taxa de Acerto de Debuff
67,STAT_CONRESRATE,Enum_eSTATUS_CONRESRATE,Resistência a Debuff
68,STAT_REFDMGRATE,Enum_eSTATUS_REFDMGRATE,Aum. Dano Reflet.
69,STAT_REFRATE,Enum_eSTATUS_REFRATE,Dano Reflet.
70,STAT_BLOCKRATE,Enum_eSTATUS_BLOCKRATE,Bloqueio de Escudo
71,STAT_BLOCK_DMGDECRATE,Enum_eSTATUS_BLOCK_DMGDECRATE,Taxa de Redução de Dano do Bloqueio de Escudo
72,STAT_DODGEDMGDECRATE,Enum_eSTATUS_DODGEDMGDECRATE,Red. de Dano de Evasão
73,STAT_PARRYRATE,Enum_eSTATUS_PARRYRATE,Bloqueio de Arma
74,STAT_PARRYDMGDECRATE,Enum_eSTATUS_PARRYDMGDECRATE,Red. de Dano do Bloqueio de Arma
75,STAT_IMPULSIVERES,Enum_eSTATUS_IMPULSIVERES,DEF de Impacto
76,STAT_IMPULSIVEPOW,Enum_eSTATUS_IMPULSIVEPOW,ATQ de Impacto
77,STAT_CUTTINGRES,Enum_eSTATUS_CUTTINGRES,DEF de Corte
78,STAT_CUTTINGPOW,Enum_eSTATUS_CUTTINGPOW,ATQ de Corte
79,STAT_PIERCINGRES,Enum_eSTATUS_PIERCINGRES,DEF Penetr.
80,STAT_PIERCINGPOW,Enum_eSTATUS_PIERCINGPOW,ATQ de Penetração
81,STAT_MOVESPEEDRATE,Enum_eSTATUS_MOVESPEEDRATE,Velocidade de Movimento
82,STAT_ATTACKSPEEDRATE,Enum_eSTATUS_ATTACKSPEEDRATE,Velocidade de Ataque
83,STAT_ACTIONSPEEDRATE,Enum_eSTATUS_ACTIONSPEEDRATE,Velocidade de Conjuração
84,STAT_BATTLE_HPRECOVERYRATE,Enum_eSTATUS_BATTLE_HPRECOVERYRATE,Taxa de Recuperação de HP em Combate
85,STAT_NONBATTLE_HPRECOVERYRATE,Enum_eSTATUS_NONBATTLE_HPRECOVERYRATE,Taxa de Recuperação de HP Fora de Combate
86,STAT_HPPOTIONREC,Enum_eSTATUS_HPPOTIONREC,Rec. Inj. HP
87,STAT_HPPOTIONRECRATE,Enum_eSTATUS_HPPOTIONRECRATE,Aum. Rec. Inj.
88,STAT_HPRECOVERY,Enum_eSTATUS_HPRECOVERY,Regeneração de HP
89,STAT_CREDITDROPINCRATE,Enum_eSTATUS_CREDITDROPINCRATE,Ganho Créditos
90,STAT_EXPDROPINCRATE,Enum_eSTATUS_EXPDROPINCRATE,Ganho de EXP
91,STAT_ITEMDROPRATEINCRATE,Enum_eSTATUS_ITEMDROPRATEINCRATE,Aumento da Chance de Drop de Item
92,STAT_GEARDURATIONTIME,Enum_eSTATUS_GEARDURATIONTIME,Aumento da Duração de Arma Sagrada
93,STAT_GIVECRIDMGINCRATE,Enum_eSTATUS_GIVECRIDMGINCRATE,Dano Crít.
94,STAT_ACCEPTCRIDMGDECRATE,Enum_eSTATUS_ACCEPTCRIDMGDECRATE,Red. de Dano Crít.
95,STAT_MAXFP,Enum_eSTATUS_MAXFP,FP Máx.
96,STAT_MAXFPRATE,Enum_eSTATUS_MAXFPRATE,Aumento de FP Máx.
97,STAT_FPRECOVERY,Enum_eSTATUS_FPRECOVERY,Regen. de FP
98,STAT_HANGARREUSEDECRATE,Enum_eSTATUS_HANGARREUSEDECRATE,Redução de Recarga do Hangar
99,STAT_WEAPONATKRES,Enum_eSTATUS_WEAPONATKRES,Res ATQ de Arma
100,STAT_NORMAL_DOUBLE,Enum_eSTATUS_NORMAL_DOUBLE,Taxa Acer. ATQ Nor. MÁX
101,STAT_SKILL_DOUBLE,Enum_eSTATUS_SKILL_DOUBLE,Taxa Acer. ATQ de Hab. MÁX
102,STAT_DOUBLE,Enum_eSTATUS_DOUBLE,Taxa Acer. ATQ Máx.
103,STAT_DOUBLERES,Enum_eSTATUS_DOUBLERES,Res ATQ Máx.
104,STAT_P_ADDDMG,Enum_eSTATUS_P_ADDDMG,Dano Físico Fixo
105,STAT_F_ADDDMG,Enum_eSTATUS_F_ADDDMG,Dano Fixo de Força
106,STAT_ADDDMG,Enum_eSTATUS_ADDDMG,Dano Fixo
107,STAT_P_SUBDMG,Enum_eSTATUS_P_SUBDMG,Resistência a Dano Físico Fixo
108,STAT_F_SUBDMG,Enum_eSTATUS_F_SUBDMG,Res. Dano Força Fixo
109,STAT_SUBDMG,Enum_eSTATUS_SUBDMG,Res. Dano Fixo
110,STAT_DEFPIERCE,Enum_eSTATUS_DEFPIERCE,Penetração de DEF
111,STAT_P_DODGEPOW,Enum_eSTATUS_P_DODGEPOW,Evasão Física
112,STAT_F_DODGEPOW,Enum_eSTATUS_F_DODGEPOW,Evasão de Força
113,STAT_P_DODGEPOWRATE,Enum_eSTATUS_P_DODGEPOWRATE,Aumento de Evasão Física
114,STAT_F_DODGEPOWRATE,Enum_eSTATUS_F_DODGEPOWRATE,Aumento de Evasão de Força
115,STAT_SKILLDMGINCRATE_ALL,Enum_eSTATUS_SKILLDMGINCRATE_ALL,Aum. de Dano de Hab.
116,STAT_SKILLDMGDECRATE_ALL,Enum_eSTATUS_SKILLDMGDECRATE_ALL,Red. de Dano de Hab.
117,STAT_HOLDHITRATE,Enum_eSTATUS_HOLDHITRATE,Taxa de Acerto de Imobilização
118,STAT_FEARHITRATE,Enum_eSTATUS_FEARHITRATE,Taxa de Acerto de Medo
119,STAT_STUNHITRATE,Enum_eSTATUS_STUNHITRATE,Taxa de Acerto de Atordoamento
120,STAT_PROVOCATIONHITRATE,Enum_eSTATUS_PROVOCATIONHITRATE,Taxa de Acerto de Provocação
121,STAT_SLEEPHITRATE,Enum_eSTATUS_SLEEPHITRATE,Taxa de Acerto de Sono
122,STAT_BLINDHITRATE,Enum_eSTATUS_BLINDHITRATE,Taxa de Acerto de Cegueira
123,STAT_SILENCEHITRATE,Enum_eSTATUS_SILENCEHITRATE,Taxa de Acerto de Silêncio
124,STAT_KNOCKBACKHITRATE,Enum_eSTATUS_KNOCKBACKHITRATE,Taxa de Acerto de Repulsão
125,STAT_KNOCKDOWNHITRATE,Enum_eSTATUS_KNOCKDOWNHITRATE,Taxa de Acerto de Derrubada
126,STAT_PULLHITRATE,Enum_eSTATUS_PULLHITRATE,Taxa de Acerto de Puxão
127,STAT_AIRBORNEHITRATE,Enum_eSTATUS_AIRBORNEHITRATE,Taxa de Acerto de Arremesso Aéreo
128,STAT_HOLDRESRATE,Enum_eSTATUS_HOLDRESRATE,Resistência a Imobilização
129,STAT_FEARRESRATE,Enum_eSTATUS_FEARRESRATE,Resistência a Medo
130,STAT_STUNRESRATE,Enum_eSTATUS_STUNRESRATE,Resistência a Atordoamento
131,STAT_PROVOCATIONRESRATE,Enum_eSTATUS_PROVOCATIONRESRATE,Resistência a Provocação
132,STAT_SLEEPRESRATE,Enum_eSTATUS_SLEEPRESRATE,Resistência a Sono
133,STAT_BLINDRESRATE,Enum_eSTATUS_BLINDRESRATE,Resistência a Cegueira
134,STAT_SILENCERESRATE,Enum_eSTATUS_SILENCERESRATE,Resistência a Silêncio
135,STAT_KNOCKBACKRESRATE,Enum_eSTATUS_KNOCKBACKRESRATE,Resistência a Repulsão
136,STAT_KNOCKDOWNRESRATE,Enum_eSTATUS_KNOCKDOWNRESRATE,Resistência a Derrubada
137,STAT_PULLRESRATE,Enum_eSTATUS_PULLRESRATE,Resistência a Puxão
138,STAT_AIRBORNERESRATE,Enum_eSTATUS_AIRBORNERESRATE,Resistência a Arremesso Aéreo
139,STAT_CONTIMEINCRATE,Enum_eSTATUS_CONTIMEINCRATE,Aumento de Duração de Debuff
140,STAT_CONTIMEDECRATE,Enum_eSTATUS_CONTIMEDECRATE,Redução da Duração de Debuff
141,STAT_REFIGNORERATE,Enum_eSTATUS_REFIGNORERATE,Penet. Dano Reflet.
142,STAT_REFDMGDECRATE,Enum_eSTATUS_REFDMGDECRATE,Red. de Dano Reflet.
143,STAT_PARRYIGNORERATE,Enum_eSTATUS_PARRYIGNORERATE,Penetração de Bloqueio de Arma
144,STAT_PARRYPENETATERATE,Enum_eSTATUS_PARRYPENETATERATE,Ignorar Red. de Dano do Bloqueio de Arma
145,STAT_BLOCKIGNORERATE,Enum_eSTATUS_BLOCKIGNORERATE,Penetração de Bloqueio de Escudo
146,STAT_BLOCKPENETRATERATE,Enum_eSTATUS_BLOCKPENETRATERATE,Igora a Taxa de Redução de Dano do Bloqueio de Escudo
147,STAT_FPUSEDEC,Enum_eSTATUS_FPUSEDEC,Redução de Consumo de FP
148,STAT_POTIONRECOVERYMAXVALUE,Enum_eSTATUS_POTIONRECOVERYMAXVALUE,Contagem de Inj. de HP
149,STAT_STIFFRESRATE,Enum_eSTATUS_STIFFRESRATE,Resistência a Cambaleio
150,STAT_STIFFTIMEDECRATE,Enum_eSTATUS_STIFFTIMEDECRATE,Redução da Duração de Cambaleio
151,STAT_PVE_ADDDMG,Enum_eSTATUS_PVE_ADDDMG,Dano Fixo PvE
152,STAT_PVE_SUBDMG,Enum_eSTATUS_PVE_SUBDMG,Resistência a Dano Fixo PvE
153,STAT_PVP_ADDDMG,Enum_eSTATUS_PVP_ADDDMG,Dano Fixo PvP
154,STAT_PVP_SUBDMG,Enum_eSTATUS_PVP_SUBDMG,Resistência a Dano Fixo PvP
155,STAT_P_CRIRESPOW,Enum_eSTATUS_P_CRIRESPOW,Res. Crít. FÍS
156,STAT_F_CRIRESPOW,Enum_eSTATUS_F_CRIRESPOW,Res. Crít. FOR
157,STAT_P_CRIRESPOWRATE,Enum_eSTATUS_P_CRIRESPOWRATE,Aum. de Res Crít. FÍS
158,STAT_F_CRIRESPOWRATE,Enum_eSTATUS_F_CRIRESPOWRATE,Aum. de Res Crít. FOR
159,STAT_P_DEFPIERCE,Enum_eSTATUS_P_DEFPIERCE,Penetração de DEF Física
160,STAT_F_DEFPIERCE,Enum_eSTATUS_F_DEFPIERCE,Penetração de DEF de Força
161,STAT_SKILLDMGINC_SINGLE,Enum_eSTATUS_SKILLDMGINC_SINGLE,Dano Fixo de Alvo Único
162,STAT_SKILLDMGINC_MULTI,Enum_eSTATUS_SKILLDMGINC_MULTI,Dano Fixo em Área
163,STAT_SKILLDMGINC_ALL,Enum_eSTATUS_SKILLDMGINC_ALL,Dano de Hab. Fixa
164,STAT_SKILLDMGDEC_SINGLE,Enum_eSTATUS_SKILLDMGDEC_SINGLE,Resistência a Dano Fixo de Hab. de Alvo Único
165,STAT_SKILLDMGDEC_MULTI,Enum_eSTATUS_SKILLDMGDEC_MULTI,Resistência a Dano Fixo de Hab. em Área
166,STAT_SKILLDMGDEC_ALL,Enum_eSTATUS_SKILLDMGDEC_ALL,Resistência de Dano de Hab. Fixa
167,STAT_HEALINC,Enum_eSTATUS_HEALINC,Recup. de Cura
168,STAT_HEALINCRATE,Enum_eSTATUS_HEALINCRATE,Aumento de Rec. de Cura
169,STAT_HEALDEC,Enum_eSTATUS_HEALDEC,Diminuição da Rec. de Hab. de Cura
170,STAT_HEALDECRATE,Enum_eSTATUS_HEALDECRATE,Redução de Rec. de Hab. de Cura
171,STAT_FPUSEDECRATE,Enum_eSTATUS_FPUSEDECRATE,Redução de Custo de FP
172,STAT_FROZENHITRATE,Enum_eSTATUS_FROZENHITRATE,Taxa de Acerto de Congelamento
173,STAT_FROZENRESRATE,Enum_eSTATUS_FROZENRESRATE,Resistência a Congelamento
174,STAT_UG_EMPHITRATE,Enum_eSTATUS_UG_EMPHITRATE,Taxa de Acerto de EMP
175,STAT_UG_EMPRESRATE,Enum_eSTATUS_UG_EMPRESRATE,Resistência a EMP
176,STAT_UG_HACKINGHITRATE,Enum_eSTATUS_UG_HACKINGHITRATE,Taxa de Acerto de Hackeamento
177,STAT_UG_HACKINGRESRATE,Enum_eSTATUS_UG_HACKINGRESRATE,Resistência a Hackeamento
178,STAT_UG_RESTRICTIONHITRATE,Enum_eSTATUS_UG_RESTRICTIONHITRATE,Taxa de Acerto de Restrição
179,STAT_UG_RESTRICTIONRESRATE,Enum_eSTATUS_UG_RESTRICTIONRESRATE,Resistência a Restrição
180,STAT_UG_HPREPAIRRATE,UG_HPREPAIRRATE,Recuperação por minuto após a implantação
181,STAT_PVE_DEFPIERCE,Enum_eSTATUS_PVE_DEFPIERCE,Penetr. DEF PvE
182,STAT_PVP_DEFPIERCE,Enum_eSTATUS_PVP_DEFPIERCE,Penetração de DEF PvP
183,STAT_CASH_PVE_DEFPIERCE,Enum_eSTATUS_CASH_PVE_DEFPIERCE,Atacar Fraqueza do Monstro
184,STAT_ADDSTIFFHITRATE,Enum_eSTATUS_ADDSTIFFHITRATE,Tx Cambaleio Extra
185,STAT_EP_HYPERGRAVITYRESPOW,Enum_eSTATUS_EP_HYPERGRAVITYRESPOW,Resistência à Hipergravidade
186,STAT_SP_ADDDMG,Enum_eSTATUS_SP_ADDDMG,Dano Mínimo Fixo
187,STAT_PVE_DODGEPOW,Enum_eSTATUS_PVE_DODGEPOW,Evasão Fixa PvE
188,STAT_REALM_CONTRIBUTION_DROPINCRATE,Enum_REALM_CONTRIBUTION_DROPINCRATE,Ganho de Contribuição da Facção
189,STAT_PVP_PROTECTION,Enum_eSTATUS_PVP_PROTECTION,Mitigação de Dano PvP
190,STAT_SP_HITPOW,Enum_eSTATUS_SP_HITPOW,
191,STAT_EP_CRIMSONEROSIONRESPOW,Enum_eSTATUS_EP_CRIMSONEROSIONRESPOW,Resistência à Erosão Carmesim
