Pak,Entry
"pakchunk141-Android_ASTC.pak","ProjectRF/Content/Streaming/ArtAsset/UI/UIResource/UIAtlas/Sprite/InGame/Minimap/icon_shop_exchange_Sprite.uasset"
"pakchunk141-Android_ASTC.pak","ProjectRF/Content/Streaming/ArtAsset/UI/UIResource/UIAtlas/Sprite/InGame/Minimap/icon_shop_exchange_Sprite.uexp"
"pakchunk153-Android_ASTC.pak","ProjectRF/Content/Streaming/ArtAsset/UI/UIResource/UIAtlas/Sprite/InGame/Nameplate/icon_shop_exchange_Sprite.uasset"
"pakchunk153-Android_ASTC.pak","ProjectRF/Content/Streaming/ArtAsset/UI/UIResource/UIAtlas/Sprite/InGame/Nameplate/icon_shop_exchange_Sprite.uexp"
"pakchunk90_s1-Android_ASTC.pak","ProjectRF/Content/Streaming/ArtAsset/Character/NPC/_Shop_Npc/CorExchangeShop/Anim/AM_NPC_CorExchangeShop_Welcome.uasset"
"pakchunk90_s1-Android_ASTC.pak","ProjectRF/Content/Streaming/ArtAsset/Character/NPC/_Shop_Npc/CorExchangeShop/Anim/AM_NPC_CorExchangeShop_Welcome.uexp"
"pakchunk90_s1-Android_ASTC.pak","ProjectRF/Content/Streaming/ArtAsset/Character/NPC/_Shop_Npc/CorExchangeShop/Anim/Idle_01.uasset"
"pakchunk90_s1-Android_ASTC.pak","ProjectRF/Content/Streaming/ArtAsset/Character/NPC/_Shop_Npc/CorExchangeShop/Anim/Idle_01.uexp"
"pakchunk90_s1-Android_ASTC.pak","ProjectRF/Content/Streaming/ArtAsset/Character/NPC/_Shop_Npc/CorExchangeShop/Anim/Stand.uasset"
"pakchunk90_s1-Android_ASTC.pak","ProjectRF/Content/Streaming/ArtAsset/Character/NPC/_Shop_Npc/CorExchangeShop/Anim/Stand.uexp"
"pakchunk90_s1-Android_ASTC.pak","ProjectRF/Content/Streaming/ArtAsset/Character/NPC/_Shop_Npc/CorExchangeShop/Anim/welcome.uasset"
"pakchunk90_s1-Android_ASTC.pak","ProjectRF/Content/Streaming/ArtAsset/Character/NPC/_Shop_Npc/CorExchangeShop/Anim/welcome.uexp"
"pakchunk90_s1-Android_ASTC.pak","ProjectRF/Content/Streaming/ArtAsset/Character/NPC/_Shop_Npc/CorExchangeShop/Mat/MI_N_CorExchangeShop_Body_001.uasset"
"pakchunk90_s1-Android_ASTC.pak","ProjectRF/Content/Streaming/ArtAsset/Character/NPC/_Shop_Npc/CorExchangeShop/Mat/MI_N_CorExchangeShop_Body_001.uexp"
"pakchunk90_s1-Android_ASTC.pak","ProjectRF/Content/Streaming/ArtAsset/Character/NPC/_Shop_Npc/CorExchangeShop/Mesh/SK_N_CorExchangeShop_Body_001.uasset"
"pakchunk90_s1-Android_ASTC.pak","ProjectRF/Content/Streaming/ArtAsset/Character/NPC/_Shop_Npc/CorExchangeShop/Mesh/SK_N_CorExchangeShop_Body_001.uexp"
"pakchunk90_s1-Android_ASTC.pak","ProjectRF/Content/Streaming/ArtAsset/Character/NPC/_Shop_Npc/CorExchangeShop/Tex/T_N_CorExchangeShop_Body_C_001.uasset"
"pakchunk90_s1-Android_ASTC.pak","ProjectRF/Content/Streaming/ArtAsset/Character/NPC/_Shop_Npc/CorExchangeShop/Tex/T_N_CorExchangeShop_Body_C_001.ubulk"
"pakchunk90_s1-Android_ASTC.pak","ProjectRF/Content/Streaming/ArtAsset/Character/NPC/_Shop_Npc/CorExchangeShop/Tex/T_N_CorExchangeShop_Body_C_001.uexp"
"pakchunk90_s1-Android_ASTC.pak","ProjectRF/Content/Streaming/ArtAsset/Character/NPC/_Shop_Npc/CorExchangeShop/Tex/T_N_CorExchangeShop_Body_Em_001.uasset"
"pakchunk90_s1-Android_ASTC.pak","ProjectRF/Content/Streaming/ArtAsset/Character/NPC/_Shop_Npc/CorExchangeShop/Tex/T_N_CorExchangeShop_Body_Em_001.ubulk"
"pakchunk90_s1-Android_ASTC.pak","ProjectRF/Content/Streaming/ArtAsset/Character/NPC/_Shop_Npc/CorExchangeShop/Tex/T_N_CorExchangeShop_Body_Em_001.uexp"
"pakchunk90_s1-Android_ASTC.pak","ProjectRF/Content/Streaming/ArtAsset/Character/NPC/_Shop_Npc/CorExchangeShop/Tex/T_N_CorExchangeShop_Body_Mask_001.uasset"
"pakchunk90_s1-Android_ASTC.pak","ProjectRF/Content/Streaming/ArtAsset/Character/NPC/_Shop_Npc/CorExchangeShop/Tex/T_N_CorExchangeShop_Body_Mask_001.ubulk"
"pakchunk90_s1-Android_ASTC.pak","ProjectRF/Content/Streaming/ArtAsset/Character/NPC/_Shop_Npc/CorExchangeShop/Tex/T_N_CorExchangeShop_Body_Mask_001.uexp"
"pakchunk90_s1-Android_ASTC.pak","ProjectRF/Content/Streaming/ArtAsset/Character/NPC/_Shop_Npc/CorExchangeShop/Tex/T_N_CorExchangeShop_Body_N_001.uasset"
"pakchunk90_s1-Android_ASTC.pak","ProjectRF/Content/Streaming/ArtAsset/Character/NPC/_Shop_Npc/CorExchangeShop/Tex/T_N_CorExchangeShop_Body_N_001.ubulk"
"pakchunk90_s1-Android_ASTC.pak","ProjectRF/Content/Streaming/ArtAsset/Character/NPC/_Shop_Npc/CorExchangeShop/Tex/T_N_CorExchangeShop_Body_N_001.uexp"
"pakchunk90_s3-Android_ASTC.pak","ProjectRF/Content/Streaming/BP/Character/NPC/Custom/AccExchangeShop_head.uasset"
"pakchunk90_s3-Android_ASTC.pak","ProjectRF/Content/Streaming/BP/Character/NPC/Custom/AccExchangeShop_head.uexp"
"pakchunk90_s3-Android_ASTC.pak","ProjectRF/Content/Streaming/BP/Character/NPC/Custom/BP_NPC_Custom_AccExchangeShop.uasset"
"pakchunk90_s3-Android_ASTC.pak","ProjectRF/Content/Streaming/BP/Character/NPC/Custom/BP_NPC_Custom_AccExchangeShop.uexp"
"pakchunk90_s3-Android_ASTC.pak","ProjectRF/Content/Streaming/BP/Character/NPC/Custom/BP_NPC_Custom_BelExchangeShop.uasset"
"pakchunk90_s3-Android_ASTC.pak","ProjectRF/Content/Streaming/BP/Character/NPC/Custom/BP_NPC_Custom_BelExchangeShop.uexp"
"pakchunk90_s3-Android_ASTC.pak","ProjectRF/Content/Streaming/BP/Character/NPC/Custom/BP_NPC_Custom_CorExchangeShop.uasset"
"pakchunk90_s3-Android_ASTC.pak","ProjectRF/Content/Streaming/BP/Character/NPC/Custom/BP_NPC_Custom_CorExchangeShop.uexp"
"pakchunk90_s3-Android_ASTC.pak","ProjectRF/Content/Streaming/BP/Character/NPC/Custom/BelExchangeShop_head.uasset"
"pakchunk90_s3-Android_ASTC.pak","ProjectRF/Content/Streaming/BP/Character/NPC/Custom/BelExchangeShop_head.uexp"
"pakchunk90_s3-Android_ASTC.pak","ProjectRF/Content/Streaming/BP/Character/NPC/Custom/CorExchangeShop_head.uasset"
"pakchunk90_s3-Android_ASTC.pak","ProjectRF/Content/Streaming/BP/Character/NPC/Custom/CorExchangeShop_head.uexp"
"pakchunk90_s3-Android_ASTC.pak","ProjectRF/Content/Streaming/DataAsset/WorldMap/WorldMapCharacterIconDataAsset/icon_shop_exchange_Sprite.uasset"
"pakchunk90_s3-Android_ASTC.pak","ProjectRF/Content/Streaming/DataAsset/WorldMap/WorldMapCharacterIconDataAsset/icon_shop_exchange_Sprite.uexp"
"pakchunk90_s3-Android_ASTC.pak","ProjectRF/Content/Streaming/Sound/UI/Cue/snd_ui_guild_auction_random1_Cue.uasset"
"pakchunk90_s3-Android_ASTC.pak","ProjectRF/Content/Streaming/Sound/UI/Cue/snd_ui_guild_auction_random1_Cue.uexp"
"pakchunk90_s3-Android_ASTC.pak","ProjectRF/Content/Streaming/Sound/UI/Cue/snd_ui_guild_auction_random1_end_Cue.uasset"
"pakchunk90_s3-Android_ASTC.pak","ProjectRF/Content/Streaming/Sound/UI/Cue/snd_ui_guild_auction_random1_end_Cue.uexp"
"pakchunk90_s3-Android_ASTC.pak","ProjectRF/Content/Streaming/Sound/UI/Cue/snd_ui_guild_auction_random2_Cue.uasset"
"pakchunk90_s3-Android_ASTC.pak","ProjectRF/Content/Streaming/Sound/UI/Cue/snd_ui_guild_auction_random2_Cue.uexp"
"pakchunk90_s3-Android_ASTC.pak","ProjectRF/Content/Streaming/Sound/UI/wav/snd_ui_guild_auction_random1.uasset"
"pakchunk90_s3-Android_ASTC.pak","ProjectRF/Content/Streaming/Sound/UI/wav/snd_ui_guild_auction_random1.ubulk"
"pakchunk90_s3-Android_ASTC.pak","ProjectRF/Content/Streaming/Sound/UI/wav/snd_ui_guild_auction_random1.uexp"
"pakchunk90_s3-Android_ASTC.pak","ProjectRF/Content/Streaming/Sound/UI/wav/snd_ui_guild_auction_random1_end.uasset"
"pakchunk90_s3-Android_ASTC.pak","ProjectRF/Content/Streaming/Sound/UI/wav/snd_ui_guild_auction_random1_end.ubulk"
"pakchunk90_s3-Android_ASTC.pak","ProjectRF/Content/Streaming/Sound/UI/wav/snd_ui_guild_auction_random1_end.uexp"
"pakchunk90_s3-Android_ASTC.pak","ProjectRF/Content/Streaming/Sound/UI/wav/snd_ui_guild_auction_random2.uasset"
"pakchunk90_s3-Android_ASTC.pak","ProjectRF/Content/Streaming/Sound/UI/wav/snd_ui_guild_auction_random2.ubulk"
"pakchunk90_s3-Android_ASTC.pak","ProjectRF/Content/Streaming/Sound/UI/wav/snd_ui_guild_auction_random2.uexp"
"pakchunk90-Android_ASTC.pak","ProjectRF/Content/Streaming/AnimAsset/ShopNPC/AccExchangeShop/ABP_AccExchangeShop.uasset"
"pakchunk90-Android_ASTC.pak","ProjectRF/Content/Streaming/AnimAsset/ShopNPC/AccExchangeShop/ABP_AccExchangeShop.uexp"
"pakchunk90-Android_ASTC.pak","ProjectRF/Content/Streaming/AnimAsset/ShopNPC/AccExchangeShop/DA_Locomotion_AccExchangeShop.uasset"
"pakchunk90-Android_ASTC.pak","ProjectRF/Content/Streaming/AnimAsset/ShopNPC/AccExchangeShop/DA_Locomotion_AccExchangeShop.uexp"
"pakchunk90-Android_ASTC.pak","ProjectRF/Content/Streaming/AnimAsset/ShopNPC/BelExchangeShop/ABP_BelExchangeShop.uasset"
"pakchunk90-Android_ASTC.pak","ProjectRF/Content/Streaming/AnimAsset/ShopNPC/BelExchangeShop/ABP_BelExchangeShop.uexp"
"pakchunk90-Android_ASTC.pak","ProjectRF/Content/Streaming/AnimAsset/ShopNPC/BelExchangeShop/DA_Locomotion_BelExchangeShop.uasset"
"pakchunk90-Android_ASTC.pak","ProjectRF/Content/Streaming/AnimAsset/ShopNPC/BelExchangeShop/DA_Locomotion_BelExchangeShop.uexp"
"pakchunk90-Android_ASTC.pak","ProjectRF/Content/Streaming/AnimAsset/ShopNPC/CorExchangeShop/ABP_CorExchangeShop.uasset"
"pakchunk90-Android_ASTC.pak","ProjectRF/Content/Streaming/AnimAsset/ShopNPC/CorExchangeShop/ABP_CorExchangeShop.uexp"
"pakchunk90-Android_ASTC.pak","ProjectRF/Content/Streaming/AnimAsset/ShopNPC/CorExchangeShop/DA_Locomotion_CorExchangeShop.uasset"
"pakchunk90-Android_ASTC.pak","ProjectRF/Content/Streaming/AnimAsset/ShopNPC/CorExchangeShop/DA_Locomotion_CorExchangeShop.uexp"
"pakchunk90-Android_ASTC.pak","ProjectRF/Content/Streaming/ArtAsset/Character/NPC/_Shop_Npc/AccExchangeShop/Anim/AM_NPC_AccExchangeShop_Welcome.uasset"
"pakchunk90-Android_ASTC.pak","ProjectRF/Content/Streaming/ArtAsset/Character/NPC/_Shop_Npc/AccExchangeShop/Anim/AM_NPC_AccExchangeShop_Welcome.uexp"
"pakchunk90-Android_ASTC.pak","ProjectRF/Content/Streaming/ArtAsset/Character/NPC/_Shop_Npc/AccExchangeShop/Anim/Idle_01.uasset"
"pakchunk90-Android_ASTC.pak","ProjectRF/Content/Streaming/ArtAsset/Character/NPC/_Shop_Npc/AccExchangeShop/Anim/Idle_01.uexp"
"pakchunk90-Android_ASTC.pak","ProjectRF/Content/Streaming/ArtAsset/Character/NPC/_Shop_Npc/AccExchangeShop/Anim/Stand.uasset"
"pakchunk90-Android_ASTC.pak","ProjectRF/Content/Streaming/ArtAsset/Character/NPC/_Shop_Npc/AccExchangeShop/Anim/Stand.uexp"
"pakchunk90-Android_ASTC.pak","ProjectRF/Content/Streaming/ArtAsset/Character/NPC/_Shop_Npc/AccExchangeShop/Anim/Welcome.uasset"
"pakchunk90-Android_ASTC.pak","ProjectRF/Content/Streaming/ArtAsset/Character/NPC/_Shop_Npc/AccExchangeShop/Anim/Welcome.uexp"
"pakchunk90-Android_ASTC.pak","ProjectRF/Content/Streaming/ArtAsset/Character/NPC/_Shop_Npc/AccExchangeShop/Mat/MI_N_AccExchangeShop_Body_001.uasset"
"pakchunk90-Android_ASTC.pak","ProjectRF/Content/Streaming/ArtAsset/Character/NPC/_Shop_Npc/AccExchangeShop/Mat/MI_N_AccExchangeShop_Body_001.uexp"
"pakchunk90-Android_ASTC.pak","ProjectRF/Content/Streaming/ArtAsset/Character/NPC/_Shop_Npc/AccExchangeShop/Mesh/SK_N_AccExchangeShop_Body_001.uasset"
"pakchunk90-Android_ASTC.pak","ProjectRF/Content/Streaming/ArtAsset/Character/NPC/_Shop_Npc/AccExchangeShop/Mesh/SK_N_AccExchangeShop_Body_001.uexp"
"pakchunk90-Android_ASTC.pak","ProjectRF/Content/Streaming/ArtAsset/Character/NPC/_Shop_Npc/AccExchangeShop/Tex/T_N_AccExchangeShop_Body_C_001.uasset"
"pakchunk90-Android_ASTC.pak","ProjectRF/Content/Streaming/ArtAsset/Character/NPC/_Shop_Npc/AccExchangeShop/Tex/T_N_AccExchangeShop_Body_C_001.ubulk"
"pakchunk90-Android_ASTC.pak","ProjectRF/Content/Streaming/ArtAsset/Character/NPC/_Shop_Npc/AccExchangeShop/Tex/T_N_AccExchangeShop_Body_C_001.uexp"
"pakchunk90-Android_ASTC.pak","ProjectRF/Content/Streaming/ArtAsset/Character/NPC/_Shop_Npc/AccExchangeShop/Tex/T_N_AccExchangeShop_Body_Em_001.uasset"
"pakchunk90-Android_ASTC.pak","ProjectRF/Content/Streaming/ArtAsset/Character/NPC/_Shop_Npc/AccExchangeShop/Tex/T_N_AccExchangeShop_Body_Em_001.ubulk"
"pakchunk90-Android_ASTC.pak","ProjectRF/Content/Streaming/ArtAsset/Character/NPC/_Shop_Npc/AccExchangeShop/Tex/T_N_AccExchangeShop_Body_Em_001.uexp"
"pakchunk90-Android_ASTC.pak","ProjectRF/Content/Streaming/ArtAsset/Character/NPC/_Shop_Npc/AccExchangeShop/Tex/T_N_AccExchangeShop_Body_Mask_001.uasset"
"pakchunk90-Android_ASTC.pak","ProjectRF/Content/Streaming/ArtAsset/Character/NPC/_Shop_Npc/AccExchangeShop/Tex/T_N_AccExchangeShop_Body_Mask_001.ubulk"
"pakchunk90-Android_ASTC.pak","ProjectRF/Content/Streaming/ArtAsset/Character/NPC/_Shop_Npc/AccExchangeShop/Tex/T_N_AccExchangeShop_Body_Mask_001.uexp"
"pakchunk90-Android_ASTC.pak","ProjectRF/Content/Streaming/ArtAsset/Character/NPC/_Shop_Npc/AccExchangeShop/Tex/T_N_AccExchangeShop_Body_N_001.uasset"
"pakchunk90-Android_ASTC.pak","ProjectRF/Content/Streaming/ArtAsset/Character/NPC/_Shop_Npc/AccExchangeShop/Tex/T_N_AccExchangeShop_Body_N_001.ubulk"
"pakchunk90-Android_ASTC.pak","ProjectRF/Content/Streaming/ArtAsset/Character/NPC/_Shop_Npc/AccExchangeShop/Tex/T_N_AccExchangeShop_Body_N_001.uexp"
"pakchunk90-Android_ASTC.pak","ProjectRF/Content/Streaming/ArtAsset/Character/NPC/_Shop_Npc/BelExchangeShop/Anim/AM_NPC_BelExchangeShop_Welcome.uasset"
"pakchunk90-Android_ASTC.pak","ProjectRF/Content/Streaming/ArtAsset/Character/NPC/_Shop_Npc/BelExchangeShop/Anim/AM_NPC_BelExchangeShop_Welcome.uexp"
"pakchunk90-Android_ASTC.pak","ProjectRF/Content/Streaming/ArtAsset/Character/NPC/_Shop_Npc/BelExchangeShop/Anim/Idle_01.uasset"
"pakchunk90-Android_ASTC.pak","ProjectRF/Content/Streaming/ArtAsset/Character/NPC/_Shop_Npc/BelExchangeShop/Anim/Idle_01.uexp"
"pakchunk90-Android_ASTC.pak","ProjectRF/Content/Streaming/ArtAsset/Character/NPC/_Shop_Npc/BelExchangeShop/Anim/Stand.uasset"
"pakchunk90-Android_ASTC.pak","ProjectRF/Content/Streaming/ArtAsset/Character/NPC/_Shop_Npc/BelExchangeShop/Anim/Stand.uexp"
"pakchunk90-Android_ASTC.pak","ProjectRF/Content/Streaming/ArtAsset/Character/NPC/_Shop_Npc/BelExchangeShop/Anim/Welcome.uasset"
"pakchunk90-Android_ASTC.pak","ProjectRF/Content/Streaming/ArtAsset/Character/NPC/_Shop_Npc/BelExchangeShop/Anim/Welcome.uexp"
"pakchunk90-Android_ASTC.pak","ProjectRF/Content/Streaming/ArtAsset/Character/NPC/_Shop_Npc/BelExchangeShop/Mat/MI_N_BelExchangeShop_Body_001.uasset"
"pakchunk90-Android_ASTC.pak","ProjectRF/Content/Streaming/ArtAsset/Character/NPC/_Shop_Npc/BelExchangeShop/Mat/MI_N_BelExchangeShop_Body_001.uexp"
"pakchunk90-Android_ASTC.pak","ProjectRF/Content/Streaming/ArtAsset/Character/NPC/_Shop_Npc/BelExchangeShop/Mesh/SK_N_BelExchangeShop_Body_001.uasset"
"pakchunk90-Android_ASTC.pak","ProjectRF/Content/Streaming/ArtAsset/Character/NPC/_Shop_Npc/BelExchangeShop/Mesh/SK_N_BelExchangeShop_Body_001.uexp"
"pakchunk90-Android_ASTC.pak","ProjectRF/Content/Streaming/ArtAsset/Character/NPC/_Shop_Npc/BelExchangeShop/Tex/T_N_BelExchangeShop_Body_C_001.uasset"
"pakchunk90-Android_ASTC.pak","ProjectRF/Content/Streaming/ArtAsset/Character/NPC/_Shop_Npc/BelExchangeShop/Tex/T_N_BelExchangeShop_Body_C_001.ubulk"
"pakchunk90-Android_ASTC.pak","ProjectRF/Content/Streaming/ArtAsset/Character/NPC/_Shop_Npc/BelExchangeShop/Tex/T_N_BelExchangeShop_Body_C_001.uexp"
"pakchunk90-Android_ASTC.pak","ProjectRF/Content/Streaming/ArtAsset/Character/NPC/_Shop_Npc/BelExchangeShop/Tex/T_N_BelExchangeShop_Body_Em_001.uasset"
"pakchunk90-Android_ASTC.pak","ProjectRF/Content/Streaming/ArtAsset/Character/NPC/_Shop_Npc/BelExchangeShop/Tex/T_N_BelExchangeShop_Body_Em_001.ubulk"
"pakchunk90-Android_ASTC.pak","ProjectRF/Content/Streaming/ArtAsset/Character/NPC/_Shop_Npc/BelExchangeShop/Tex/T_N_BelExchangeShop_Body_Em_001.uexp"
"pakchunk90-Android_ASTC.pak","ProjectRF/Content/Streaming/ArtAsset/Character/NPC/_Shop_Npc/BelExchangeShop/Tex/T_N_BelExchangeShop_Body_Mask_001.uasset"
"pakchunk90-Android_ASTC.pak","ProjectRF/Content/Streaming/ArtAsset/Character/NPC/_Shop_Npc/BelExchangeShop/Tex/T_N_BelExchangeShop_Body_Mask_001.ubulk"
"pakchunk90-Android_ASTC.pak","ProjectRF/Content/Streaming/ArtAsset/Character/NPC/_Shop_Npc/BelExchangeShop/Tex/T_N_BelExchangeShop_Body_Mask_001.uexp"
"pakchunk90-Android_ASTC.pak","ProjectRF/Content/Streaming/ArtAsset/Character/NPC/_Shop_Npc/BelExchangeShop/Tex/T_N_BelExchangeShop_Body_N_001.uasset"
"pakchunk90-Android_ASTC.pak","ProjectRF/Content/Streaming/ArtAsset/Character/NPC/_Shop_Npc/BelExchangeShop/Tex/T_N_BelExchangeShop_Body_N_001.ubulk"
"pakchunk90-Android_ASTC.pak","ProjectRF/Content/Streaming/ArtAsset/Character/NPC/_Shop_Npc/BelExchangeShop/Tex/T_N_BelExchangeShop_Body_N_001.uexp"
"pakchunk910-Android_ASTC.pak","ProjectRF/Content/Streaming/ArtAsset/UI/UIResource/UIAtlas/Sprite/Common_Icon/Icon_Common/icon_exchange_Sprite.uasset"
"pakchunk910-Android_ASTC.pak","ProjectRF/Content/Streaming/ArtAsset/UI/UIResource/UIAtlas/Sprite/Common_Icon/Icon_Common/icon_exchange_Sprite.uexp"
"pakchunk910-Android_ASTC.pak","ProjectRF/Content/Streaming/ArtAsset/UI/UIResource/UIAtlas/Sprite/Common_Icon/Icon_Common/icon_itemmenu_exchange_Sprite.uasset"
"pakchunk910-Android_ASTC.pak","ProjectRF/Content/Streaming/ArtAsset/UI/UIResource/UIAtlas/Sprite/Common_Icon/Icon_Common/icon_itemmenu_exchange_Sprite.uexp"
"pakchunk910-Android_ASTC.pak","ProjectRF/Content/Streaming/ArtAsset/UI/UIResource/UIAtlas/Sprite/Dungeon/Dungeon_Icon/img_dungeon_guild_auction_Sprite.uasset"
"pakchunk910-Android_ASTC.pak","ProjectRF/Content/Streaming/ArtAsset/UI/UIResource/UIAtlas/Sprite/Dungeon/Dungeon_Icon/img_dungeon_guild_auction_Sprite.uexp"
"pakchunk910-Android_ASTC.pak","ProjectRF/Content/Streaming/ArtAsset/UI/UIResource/UITexture/Exchange/BG_Exchage_World.uasset"
"pakchunk910-Android_ASTC.pak","ProjectRF/Content/Streaming/ArtAsset/UI/UIResource/UITexture/Exchange/BG_Exchage_World.uexp"
"pakchunk910-Android_ASTC.pak","ProjectRF/Content/Streaming/ArtAsset/UI/UIResource/UITexture/Exchange/BG_Exchage_WorldGroup.uasset"
"pakchunk910-Android_ASTC.pak","ProjectRF/Content/Streaming/ArtAsset/UI/UIResource/UITexture/Exchange/BG_Exchage_WorldGroup.uexp"
"pakchunk910-Android_ASTC.pak","ProjectRF/Content/Streaming/ArtAsset/UI/UIResource/UITexture/Exchange/img_exchange_bookmark_deco_Line.uasset"
"pakchunk910-Android_ASTC.pak","ProjectRF/Content/Streaming/ArtAsset/UI/UIResource/UITexture/Exchange/img_exchange_bookmark_deco_Line.uexp"
"pakchunk910-Android_ASTC.pak","ProjectRF/Content/Streaming/ArtAsset/UI/UIResource/UITexture/Exchange/img_exchange_itemBox_Frame.uasset"
"pakchunk910-Android_ASTC.pak","ProjectRF/Content/Streaming/ArtAsset/UI/UIResource/UITexture/Exchange/img_exchange_itemBox_Frame.uexp"
"pakchunk910-Android_ASTC.pak","ProjectRF/Content/Streaming/ArtAsset/UI/WBP/Event/Popup/Exchange/WBP_Event_Exchange.uasset"
"pakchunk910-Android_ASTC.pak","ProjectRF/Content/Streaming/ArtAsset/UI/WBP/Event/Popup/Exchange/WBP_Event_Exchange.uexp"
"pakchunk910-Android_ASTC.pak","ProjectRF/Content/Streaming/ArtAsset/UI/WBP/Event/Popup/Exchange/WBP_Event_Exchange_Popup.uasset"
"pakchunk910-Android_ASTC.pak","ProjectRF/Content/Streaming/ArtAsset/UI/WBP/Event/Popup/Exchange/WBP_Event_Exchange_Popup.uexp"
"pakchunk910-Android_ASTC.pak","ProjectRF/Content/Streaming/ArtAsset/UI/WBP/Event/Popup/Exchange/WBP_Event_Exchange_Slot.uasset"
"pakchunk910-Android_ASTC.pak","ProjectRF/Content/Streaming/ArtAsset/UI/WBP/Event/Popup/Exchange/WBP_Event_Exchange_Slot.uexp"
"pakchunk910-Android_ASTC.pak","ProjectRF/Content/Streaming/ArtAsset/UI/WBP/Exchange/Popup/WBP_BuyResultPopup.uasset"
"pakchunk910-Android_ASTC.pak","ProjectRF/Content/Streaming/ArtAsset/UI/WBP/Exchange/Popup/WBP_BuyResultPopup.uexp"
"pakchunk910-Android_ASTC.pak","ProjectRF/Content/Streaming/ArtAsset/UI/WBP/Exchange/Popup/WBP_Exchange_Purchase_Popup.uasset"
"pakchunk910-Android_ASTC.pak","ProjectRF/Content/Streaming/ArtAsset/UI/WBP/Exchange/Popup/WBP_Exchange_Purchase_Popup.uexp"
"pakchunk910-Android_ASTC.pak","ProjectRF/Content/Streaming/ArtAsset/UI/WBP/Exchange/Popup/WBP_Exchange_TradeHistory_Popup.uasset"
"pakchunk910-Android_ASTC.pak","ProjectRF/Content/Streaming/ArtAsset/UI/WBP/Exchange/Popup/WBP_Exchange_TradeHistory_Popup.uexp"
"pakchunk910-Android_ASTC.pak","ProjectRF/Content/Streaming/ArtAsset/UI/WBP/Exchange/Popup/WBP_Exchange_TradeHistory_Slot.uasset"
"pakchunk910-Android_ASTC.pak","ProjectRF/Content/Streaming/ArtAsset/UI/WBP/Exchange/Popup/WBP_Exchange_TradeHistory_Slot.uexp"
"pakchunk910-Android_ASTC.pak","ProjectRF/Content/Streaming/ArtAsset/UI/WBP/Exchange/Popup/WBP_Item_Registration_Numpad_Popup.uasset"
"pakchunk910-Android_ASTC.pak","ProjectRF/Content/Streaming/ArtAsset/UI/WBP/Exchange/Popup/WBP_Item_Registration_Numpad_Popup.uexp"
"pakchunk910-Android_ASTC.pak","ProjectRF/Content/Streaming/ArtAsset/UI/WBP/Exchange/Popup/WBP_Item_Registration_OK_Popup.uasset"
"pakchunk910-Android_ASTC.pak","ProjectRF/Content/Streaming/ArtAsset/UI/WBP/Exchange/Popup/WBP_Item_Registration_OK_Popup.uexp"
"pakchunk910-Android_ASTC.pak","ProjectRF/Content/Streaming/ArtAsset/UI/WBP/Exchange/WBP_BuyResultSlot.uasset"
"pakchunk910-Android_ASTC.pak","ProjectRF/Content/Streaming/ArtAsset/UI/WBP/Exchange/WBP_BuyResultSlot.uexp"
"pakchunk910-Android_ASTC.pak","ProjectRF/Content/Streaming/ArtAsset/UI/WBP/Exchange/WBP_Exchange_BookMark_Slot.uasset"
"pakchunk910-Android_ASTC.pak","ProjectRF/Content/Streaming/ArtAsset/UI/WBP/Exchange/WBP_Exchange_BookMark_Slot.uexp"
"pakchunk910-Android_ASTC.pak","ProjectRF/Content/Streaming/ArtAsset/UI/WBP/Exchange/WBP_Exchange_BuyGroup_Slot.uasset"
"pakchunk910-Android_ASTC.pak","ProjectRF/Content/Streaming/ArtAsset/UI/WBP/Exchange/WBP_Exchange_BuyGroup_Slot.uexp"
"pakchunk910-Android_ASTC.pak","ProjectRF/Content/Streaming/ArtAsset/UI/WBP/Exchange/WBP_Exchange_Buy_Slot.uasset"
"pakchunk910-Android_ASTC.pak","ProjectRF/Content/Streaming/ArtAsset/UI/WBP/Exchange/WBP_Exchange_Buy_Slot.uexp"
"pakchunk910-Android_ASTC.pak","ProjectRF/Content/Streaming/ArtAsset/UI/WBP/Exchange/WBP_Exchange_Calculate_Slot.uasset"
"pakchunk910-Android_ASTC.pak","ProjectRF/Content/Streaming/ArtAsset/UI/WBP/Exchange/WBP_Exchange_Calculate_Slot.uexp"
"pakchunk910-Android_ASTC.pak","ProjectRF/Content/Streaming/ArtAsset/UI/WBP/Exchange/WBP_Exchange_Item_Slot.uasset"
"pakchunk910-Android_ASTC.pak","ProjectRF/Content/Streaming/ArtAsset/UI/WBP/Exchange/WBP_Exchange_Item_Slot.uexp"
"pakchunk910-Android_ASTC.pak","ProjectRF/Content/Streaming/ArtAsset/UI/WBP/Exchange/WBP_Exchange_Main.uasset"
"pakchunk910-Android_ASTC.pak","ProjectRF/Content/Streaming/ArtAsset/UI/WBP/Exchange/WBP_Exchange_Main.uexp"
"pakchunk910-Android_ASTC.pak","ProjectRF/Content/Streaming/ArtAsset/UI/WBP/Exchange/WBP_Exchange_Recommend_Slot.uasset"
"pakchunk910-Android_ASTC.pak","ProjectRF/Content/Streaming/ArtAsset/UI/WBP/Exchange/WBP_Exchange_Recommend_Slot.uexp"
"pakchunk910-Android_ASTC.pak","ProjectRF/Content/Streaming/ArtAsset/UI/WBP/Exchange/WBP_Exchange_Sell_Slot.uasset"
"pakchunk910-Android_ASTC.pak","ProjectRF/Content/Streaming/ArtAsset/UI/WBP/Exchange/WBP_Exchange_Sell_Slot.uexp"
"pakchunk910-Android_ASTC.pak","ProjectRF/Content/Streaming/ArtAsset/UI/WBP/Exchange/WBP_Exchange_Transaction_Slot.uasset"
"pakchunk910-Android_ASTC.pak","ProjectRF/Content/Streaming/ArtAsset/UI/WBP/Exchange/WBP_Exchange_Transaction_Slot.uexp"
"pakchunk910-Android_ASTC.pak","ProjectRF/Content/Streaming/ArtAsset/UI/WBP/Frontier/Fortress/Popup/WBP_Fortress_Auction_Popup.uasset"
"pakchunk910-Android_ASTC.pak","ProjectRF/Content/Streaming/ArtAsset/UI/WBP/Frontier/Fortress/Popup/WBP_Fortress_Auction_Popup.uexp"
"pakchunk910-Android_ASTC.pak","ProjectRF/Content/Streaming/ArtAsset/UI/WBP/Frontier/Fortress/Popup/WBP_Fortress_Auction_Rank_Slot.uasset"
"pakchunk910-Android_ASTC.pak","ProjectRF/Content/Streaming/ArtAsset/UI/WBP/Frontier/Fortress/Popup/WBP_Fortress_Auction_Rank_Slot.uexp"
"pakchunk910-Android_ASTC.pak","ProjectRF/Content/Streaming/ArtAsset/UI/WBP/Guild/Popup/WBP_AuctioneerPopup.uasset"
"pakchunk910-Android_ASTC.pak","ProjectRF/Content/Streaming/ArtAsset/UI/WBP/Guild/Popup/WBP_AuctioneerPopup.uexp"
"pakchunk910-Android_ASTC.pak","ProjectRF/Content/Streaming/ArtAsset/UI/WBP/Guild/Popup/WBP_AuctioneerSlot.uasset"
"pakchunk910-Android_ASTC.pak","ProjectRF/Content/Streaming/ArtAsset/UI/WBP/Guild/Popup/WBP_AuctioneerSlot.uexp"
"pakchunk910-Android_ASTC.pak","ProjectRF/Content/Streaming/ArtAsset/UI/WBP/Guild/Popup/WBP_GuildAuctionHistoryPopup.uasset"
"pakchunk910-Android_ASTC.pak","ProjectRF/Content/Streaming/ArtAsset/UI/WBP/Guild/Popup/WBP_GuildAuctionHistoryPopup.uexp"
"pakchunk910-Android_ASTC.pak","ProjectRF/Content/Streaming/ArtAsset/UI/WBP/Guild/Popup/WBP_GuildAuctionHistorySlot.uasset"
"pakchunk910-Android_ASTC.pak","ProjectRF/Content/Streaming/ArtAsset/UI/WBP/Guild/Popup/WBP_GuildAuctionHistorySlot.uexp"
"pakchunk910-Android_ASTC.pak","ProjectRF/Content/Streaming/ArtAsset/UI/WBP/Guild/Popup/WBP_GuildAuctionSetting_Popup.uasset"
"pakchunk910-Android_ASTC.pak","ProjectRF/Content/Streaming/ArtAsset/UI/WBP/Guild/Popup/WBP_GuildAuctionSetting_Popup.uexp"
"pakchunk910-Android_ASTC.pak","ProjectRF/Content/Streaming/ArtAsset/UI/WBP/Guild/WBP_GuildAuction.uasset"
"pakchunk910-Android_ASTC.pak","ProjectRF/Content/Streaming/ArtAsset/UI/WBP/Guild/WBP_GuildAuction.uexp"
"pakchunk910-Android_ASTC.pak","ProjectRF/Content/Streaming/ArtAsset/UI/WBP/Guild/WBP_GuildAuctionSlot.uasset"
"pakchunk910-Android_ASTC.pak","ProjectRF/Content/Streaming/ArtAsset/UI/WBP/Guild/WBP_GuildAuctionSlot.uexp"
"pakchunk910-Android_ASTC.pak","ProjectRF/Content/Streaming/ArtAsset/UI/WBP/Guild/WBP_GuildAuctioneerSlot.uasset"
"pakchunk910-Android_ASTC.pak","ProjectRF/Content/Streaming/ArtAsset/UI/WBP/Guild/WBP_GuildAuctioneerSlot.uexp"
"pakchunk910-Android_ASTC.pak","ProjectRF/Content/Streaming/ArtAsset/UI/WBP/InGame/Inventory/WBP_ExchangeDetailWidget.uasset"
"pakchunk910-Android_ASTC.pak","ProjectRF/Content/Streaming/ArtAsset/UI/WBP/InGame/Inventory/WBP_ExchangeDetailWidget.uexp"
"pakchunk941-Android_ASTC_0_P.pak","ProjectRF/Content/Streaming/DataTables/TableBinaries/RF_ExchangeDefineTable.RFTable"
"pakchunk941-Android_ASTC_0_P.pak","ProjectRF/Content/Streaming/DataTables/TableBinaries/RF_Guild_Auction.RFTable"
"pakchunk941-Android_ASTC.pak","ProjectRF/Content/Streaming/DataTables/TableBinaries/RF_ExchangeDefineTable.RFTable"
"pakchunk941-Android_ASTC.pak","ProjectRF/Content/Streaming/DataTables/TableBinaries/RF_Guild_Auction.RFTable"
