class,opcode_hex,opcode_dec,direction
FA2C_ans_account_withdraw_Message,0x0113,275,FA2C
FA2C_ans_all_character_infos_Message,0x010d,269,FA2C
FA2C_ans_auth_hexa_id_Message,0x010f,271,FA2C
FA2C_ans_buy_cash_shop_data_Message,0x011f,287,FA2C
FA2C_ans_cash_shop_banner_data_Message,0x0125,293,FA2C
FA2C_ans_cash_shop_product_item_list_Message,0x011d,285,FA2C
FA2C_ans_character_gift_get_Message,0x0137,311,FA2C
FA2C_ans_character_gift_info_Message,0x0135,309,FA2C
FA2C_ans_character_gift_my_info_Message,0x0133,307,FA2C
FA2C_ans_check_cash_shop_mode_Message,0x0116,278,FA2C
FA2C_ans_check_shop_product_Message,0x0121,289,FA2C
FA2C_ans_connection_Message,0x0102,258,FA2C
FA2C_ans_enter_game_Message,0x0108,264,FA2C
FA2C_ans_get_agreement_currency_Message,0x013b,315,FA2C
FA2C_ans_get_cash_define_Message,0x0118,280,FA2C
FA2C_ans_get_sdk_reward_Message,0x0123,291,FA2C
FA2C_ans_login_cash_shop_mode_Message,0x0127,295,FA2C
FA2C_ans_logout_cash_shop_mode_Message,0x0129,297,FA2C
FA2C_ans_ping_Message,0x0104,260,FA2C
FA2C_ans_probability_draw_Message,0x012b,299,FA2C
FA2C_ans_req_enter_game_Message,0x0302,770,FA2C
FA2C_ans_req_wait_cancel_Message,0x0304,772,FA2C
FA2C_ans_server_status_Message,0x0402,1026,FA2C
FA2C_ans_set_agreement_currency_Message,0x0139,313,FA2C
FA2C_ans_shop_mode_out_Message,0x0124,292,FA2C
FA2C_ans_shop_mode_product_list_Message,0x011c,284,FA2C
FA2C_ans_shop_mode_tab_list_Message,0x011a,282,FA2C
FA2C_ans_transfer_check_Message,0x0131,305,FA2C
FA2C_ans_verify_hexa_otp_code_Message,0x0111,273,FA2C
FA2C_ans_view_reward_list_Message,0x012d,301,FA2C
FA2C_ans_wait_cancel_Message,0x010a,266,FA2C
FA2C_ans_world_info_Message,0x0106,262,FA2C
FA2C_ans_world_info_transfer_Message,0x012f,303,FA2C
FA2C_game_sequence_Message,0x010b,267,FA2C
FA2C_kick_out_Message,0x0114,276,FA2C
FA2C_notice_Message,0x0201,513,FA2C
FA2C_world_infos_Message,0x0306,774,FA2C
FC2A_ask_account_withdraw_Message,0x0112,274,FC2A
FC2A_ask_all_character_infos_Message,0x010c,268,FC2A
FC2A_ask_auth_hexa_id_Message,0x010e,270,FC2A
FC2A_ask_buy_cash_shop_data_Message,0x011e,286,FC2A
FC2A_ask_character_gift_get_Message,0x0136,310,FC2A
FC2A_ask_character_gift_info_Message,0x0134,308,FC2A
FC2A_ask_character_gift_my_info_Message,0x0132,306,FC2A
FC2A_ask_check_cash_shop_mode_Message,0x0115,277,FC2A
FC2A_ask_check_shop_product_Message,,,FC2A
FC2A_ask_connection_Message,0x0101,257,FC2A
FC2A_ask_enter_game_Message,0x0107,263,FC2A
FC2A_ask_get_agreement_currency_Message,0x013a,314,FC2A
FC2A_ask_get_cash_define_Message,0x0117,279,FC2A
FC2A_ask_get_sdk_reward_Message,0x0122,290,FC2A
FC2A_ask_login_cash_shop_mode_Message,0x0126,294,FC2A
FC2A_ask_logout_cash_shop_mode_Message,0x0129,297,FC2A
FC2A_ask_ping_Message,0x0103,259,FC2A
FC2A_ask_probability_draw_Message,0x012a,298,FC2A
FC2A_ask_req_enter_game_Message,0x0301,769,FC2A
FC2A_ask_set_agreement_currency_Message,0x0138,312,FC2A
FC2A_ask_shop_mode_product_list_Message,0x011b,283,FC2A
FC2A_ask_shop_mode_tab_list_Message,0x0119,281,FC2A
FC2A_ask_transfer_check_Message,0x0130,304,FC2A
FC2A_ask_verify_hexa_otp_code_Message,0x0110,272,FC2A
FC2A_ask_view_reward_list_Message,0x012c,300,FC2A
FC2A_ask_wait_cancel_Message,0x0109,265,FC2A
FC2A_ask_world_info_Message,0x0105,261,FC2A
FC2A_ask_world_info_transfer_Message,0x012e,302,FC2A
FC2G_ans_babylon_occupation_buff_info_Message,0x1913,6419,FC2G
FC2G_ask_appear_viewpoint_monster_list_Message,0x041c,1052,FC2G
FC2G_ask_auto_battle_state_Message,0x0328,808,FC2G
FC2G_ask_babylon_occupation_warp_Message,0x1907,6407,FC2G
FC2G_ask_base_return_Message,0x0d10,3344,FC2G
FC2G_ask_base_return_battle_for_paradise_Message,0x110d,4365,FC2G
FC2G_ask_base_return_steel_battle_field_Message,0x1a03,6659,FC2G
FC2G_ask_begin_hyperline_Message,0x0417,1047,FC2G
FC2G_ask_begin_interaction_Message,0x0410,1040,FC2G
FC2G_ask_begin_use_normal_skill_Message,0x0609,1545,FC2G
FC2G_ask_board_unit_Message,0x0e02,3586,FC2G
FC2G_ask_boss_position_Message,0x031e,798,FC2G
FC2G_ask_cancel_skill_buff_Message,0x0626,1574,FC2G
FC2G_ask_change_combat_state_Message,0x030b,779,FC2G
FC2G_ask_chat_report_Message,0x080d,2061,FC2G
FC2G_ask_coreworld_team_point_detail_Message,0x1403,5123,FC2G
FC2G_ask_create_party_Message,0x0902,2306,FC2G
FC2G_ask_customizing_list_Message,0x0404,1028,FC2G
FC2G_ask_cutscene_skip_Message,0x0a02,2562,FC2G
FC2G_ask_delegate_party_leader_Message,0x0904,2308,FC2G
FC2G_ask_detail_map_info_Message,0x0d14,3348,FC2G
FC2G_ask_duo_party_Message,0x091d,2333,FC2G
FC2G_ask_end_hyperline_Message,0x0419,1049,FC2G
FC2G_ask_end_interaction_Message,0x0412,1042,FC2G
FC2G_ask_end_use_normal_skill_Message,0x060b,1547,FC2G
FC2G_ask_exitroom_Message,0x0203,515,FC2G
FC2G_ask_fortress_first_destroyed_npc_infos_Message,0x180c,6156,FC2G
FC2G_ask_fortress_return_to_base_Message,0x180e,6158,FC2G
FC2G_ask_fortress_skill_list_Message,0x1807,6151,FC2G
FC2G_ask_fortress_warp_Message,0x1805,6149,FC2G
FC2G_ask_frontier_occupation_pvp_contribution_rank_Message,0x1704,5892,FC2G
FC2G_ask_guild_killpoint_Message,0x1002,4098,FC2G
FC2G_ask_guild_member_contribution_info_battle_for_paradise_Message,0x110a,4362,FC2G
FC2G_ask_interact_portal_obj_Message,0x0414,1044,FC2G
FC2G_ask_interaction_exploration_map_obj_Message,0x0416,1046,FC2G
FC2G_ask_invite_to_party_Message,0x0910,2320,FC2G
FC2G_ask_item_spawn_monster_info_Message,0x032c,812,FC2G
FC2G_ask_join_party_Message,0x090a,2314,FC2G
FC2G_ask_joinroom_Message,0x0202,514,FC2G
FC2G_ask_kick_out_party_Message,0x0908,2312,FC2G
FC2G_ask_local_chat_Message,0x0801,2049,FC2G
FC2G_ask_location_marker_info_Message,0x0322,802,FC2G
FC2G_ask_login_Message,,,FC2G
FC2G_ask_mine_war_boss_info_Message,0x0d05,3333,FC2G
FC2G_ask_mine_war_rank_list_Message,0x0d09,3337,FC2G
FC2G_ask_mine_war_realm_drill_hp_Message,0x0d0c,3340,FC2G
FC2G_ask_move_boarding_unit_Message,0x0e05,3589,FC2G
FC2G_ask_move_player_Message,,,FC2G
FC2G_ask_parent_ui_info_Message,0x0326,806,FC2G
FC2G_ask_party_chat_Message,0x0805,2053,FC2G
FC2G_ask_party_target_uid_select_Message,0x091f,2335,FC2G
FC2G_ask_ping_Message,,,FC2G
FC2G_ask_play_motion_Message,0x0809,2057,FC2G
FC2G_ask_player_contribution_info_babylon_occupation_Message,0x1905,6405,FC2G
FC2G_ask_player_profile_info_Message,,,FC2G
FC2G_ask_request_teleport_Message,0x0408,1032,FC2G
FC2G_ask_search_recommend_player_Message,0x0919,2329,FC2G
FC2G_ask_search_user_Message,0x091b,2331,FC2G
FC2G_ask_server_tick_info_Message,,,FC2G
FC2G_ask_set_location_marker_Message,0x0320,800,FC2G
FC2G_ask_set_ping_mode_Message,,,FC2G
FC2G_ask_steel_battle_field_guild_member_contribution_info_Message,0x1a12,6674,FC2G
FC2G_ask_steel_battle_field_realm_contribution_info_Message,0x1a14,6676,FC2G
FC2G_ask_summon_ultimate_gear_in_direct_Message,0x0b06,2822,FC2G
FC2G_ask_team_chat_Message,0x0803,2051,FC2G
FC2G_ask_teleport_occupy_region_Message,0x1708,5896,FC2G
FC2G_ask_ua_invite_member_Message,0x1603,5635,FC2G
FC2G_ask_ua_pick_target_partygroup_Message,0x1605,5637,FC2G
FC2G_ask_ua_visit_recommand_list_Message,,,FC2G
FC2G_ask_ultimate_gear_info_Message,0x0b02,2818,FC2G
FC2G_ask_unityalliance_chat_Message,0x0807,2055,FC2G
FC2G_ask_unityalliance_member_location_info_Message,0x041e,1054,FC2G
FC2G_ask_update_party_option_Message,0x0916,2326,FC2G
FC2G_ask_use_fortress_skill_Message,0x1809,6153,FC2G
FC2G_ask_use_mine_war_turret_skill_Message,0x0620,1568,FC2G
FC2G_ask_use_skill_Message,0x0601,1537,FC2G
FC2G_ask_withdraw_party_Message,0x0906,2310,FC2G
FC2G_ask_worldboss_top_players_info_Message,0x0c09,3081,FC2G
FC2G_end_warp_player_Message,0x040b,1035,FC2G
FC2G_ready_game_Message,0x0205,517,FC2G
FC2G_respond_party_invitation_Message,0x0913,2323,FC2G
FC2G_respond_to_join_party_Message,0x090c,2316,FC2G
FC2L_ans_earth_check_skill_Message,0x0222,546,FC2L
FC2L_ans_earth_skill_Message,0x0220,544,FC2L
FC2L_ans_fire_check_skill_Message,0x0348,840,FC2L
FC2L_ans_fire_skill_Message,0x0346,838,FC2L
FC2L_ans_invite_member_unityalliance_Message,0x2a16,10774,FC2L
FC2L_ans_water_check_skill_Message,0x034c,844,FC2L
FC2L_ans_water_skill_Message,0x034a,842,FC2L
FC2L_ans_wind_check_skill_Message,0x0226,550,FC2L
FC2L_ans_wind_skill_Message,0x0224,548,FC2L
FC2L_ask_accept_guild_invitation_Message,0x0d20,3360,FC2L
FC2L_ask_accept_regist_amity_guild_Message,0x0d48,3400,FC2L
FC2L_ask_accept_to_join_guild_Message,,,FC2L
FC2L_ask_accept_transaction_Message,0x251b,9499,FC2L
FC2L_ask_acceptance_match_Message,,,FC2L
FC2L_ask_account_withdraw_Message,0x0217,535,FC2L
FC2L_ask_add_black_list_Message,0x1011,4113,FC2L
FC2L_ask_alchemy_execute_Message,0x0551,1361,FC2L
FC2L_ask_alchemy_predict_Message,0x054f,1359,FC2L
FC2L_ask_alchemy_progress_info_Message,0x054d,1357,FC2L
FC2L_ask_alchemy_random_rate_info_Message,0x0555,1365,FC2L
FC2L_ask_alchemy_reset_Message,0x0553,1363,FC2L
FC2L_ask_all_character_infos_Message,0x020d,525,FC2L
FC2L_ask_all_quest_reward_Message,0x0a15,2581,FC2L
FC2L_ask_amity_guild_list_Message,0x0d4c,3404,FC2L
FC2L_ask_attach_talic_to_equip_Message,0x0505,1285,FC2L
FC2L_ask_attached_item_mail_Message,,,FC2L
FC2L_ask_attendance_reward_Message,0x1e03,7683,FC2L
FC2L_ask_babylon_occupation_boss_info_Message,0x3307,13063,FC2L
FC2L_ask_babylon_occupation_lobby_Message,0x3301,13057,FC2L
FC2L_ask_babylon_occupation_match_info_Message,0x3305,13061,FC2L
FC2L_ask_battlepass_levelup_Message,0x1e18,7704,FC2L
FC2L_ask_battlepass_reward_Message,0x1e16,7702,FC2L
FC2L_ask_biosuit_enchant_info_Message,0x2f01,12033,FC2L
FC2L_ask_block_guild_master_auth_Message,0x0da0,3488,FC2L
FC2L_ask_block_mail_user_list_Message,0x0c18,3096,FC2L
FC2L_ask_boss_schedule_Message,,,FC2L
FC2L_ask_boss_spawn_item_probability_info_Message,,,FC2L
FC2L_ask_boss_status_list_Message,,,FC2L
FC2L_ask_buy_cash_shop_data_Message,0x2007,8199,FC2L
FC2L_ask_buy_gold_shop_bulk_Message,0x200b,8203,FC2L
FC2L_ask_cancel_invite_guild_Message,0x0d1b,3355,FC2L
FC2L_ask_cancel_match_Message,,,FC2L
FC2L_ask_cancel_matchmaking_Message,,,FC2L
FC2L_ask_cancel_pk_chase_Message,,,FC2L
FC2L_ask_cancel_quest_Message,0x0a0a,2570,FC2L
FC2L_ask_cancel_regist_amity_guild_Message,0x0d42,3394,FC2L
FC2L_ask_cancel_request_join_guild_Message,0x0d34,3380,FC2L
FC2L_ask_cancel_wait_enter_map_Message,,,FC2L
FC2L_ask_carditem_compose_Message,0x0519,1305,FC2L
FC2L_ask_carditem_confirm_Message,0x0520,1312,FC2L
FC2L_ask_carditem_redraw_Message,0x0522,1314,FC2L
FC2L_ask_carditem_select_slot_Message,0x051e,1310,FC2L
FC2L_ask_carditem_tuning_Message,0x0549,1353,FC2L
FC2L_ask_carditem_use_point_Message,0x051b,1307,FC2L
FC2L_ask_cash_inven_list_Message,0x200d,8205,FC2L
FC2L_ask_cash_shop_buy_Message,0x2009,8201,FC2L
FC2L_ask_cash_shop_get_ceiling_data_Message,0x2021,8225,FC2L
FC2L_ask_cash_shop_get_ceiling_reward_Message,0x2023,8227,FC2L
FC2L_ask_cash_shop_product_data_Message,0x2004,8196,FC2L
FC2L_ask_cash_shop_tab_data_Message,0x2001,8193,FC2L
FC2L_ask_challenge_mode_previous_top_rank_squad_info_Message,0x0369,873,FC2L
FC2L_ask_challenge_mode_ranking_list_Message,0x0367,871,FC2L
FC2L_ask_challenge_mode_squad_disband_Message,0x036b,875,FC2L
FC2L_ask_challenge_mode_squad_info_Message,0x0365,869,FC2L
FC2L_ask_challenge_mode_squad_register_Message,0x035d,861,FC2L
FC2L_ask_change_biosuit_Message,0x1303,4867,FC2L
FC2L_ask_change_character_name_Message,,,FC2L
FC2L_ask_change_equip_slot_Message,0x0501,1281,FC2L
FC2L_ask_change_guild_alias_mark_Message,0x0dac,3500,FC2L
FC2L_ask_change_guild_name_Message,0x0d2e,3374,FC2L
FC2L_ask_change_language_code_Message,0x0336,822,FC2L
FC2L_ask_change_member_rank_Message,,,FC2L
FC2L_ask_change_opt_unityalliance_Message,0x2a05,10757,FC2L
FC2L_ask_change_option_equip_Message,0x050f,1295,FC2L
FC2L_ask_change_pos_unityalliance_Message,0x2a0f,10767,FC2L
FC2L_ask_change_preset_biosuit_enchant_Message,0x2f07,12039,FC2L
FC2L_ask_change_rank_unityalliance_Message,0x2a09,10761,FC2L
FC2L_ask_change_request_mission_Message,0x0b1b,2843,FC2L
FC2L_ask_change_rover_Message,,,FC2L
FC2L_ask_change_skill_addon_Message,0x0705,1797,FC2L
FC2L_ask_change_visibility_option_Message,0x0515,1301,FC2L
FC2L_ask_channel_chat_block_Message,0x0f0b,3851,FC2L
FC2L_ask_channel_chat_block_list_Message,0x0f11,3857,FC2L
FC2L_ask_channel_chat_change_roominfo_Message,0x0f17,3863,FC2L
FC2L_ask_channel_chat_chat_Message,0x0f13,3859,FC2L
FC2L_ask_channel_chat_createroom_Message,0x0f03,3843,FC2L
FC2L_ask_channel_chat_exitroom_Message,0x0f09,3849,FC2L
FC2L_ask_channel_chat_get_history_Message,0x0f15,3861,FC2L
FC2L_ask_channel_chat_joinroom_Message,,,FC2L
FC2L_ask_channel_chat_remove_block_Message,0x0f0d,3853,FC2L
FC2L_ask_channel_chat_report_Message,0x0f1a,3866,FC2L
FC2L_ask_channel_chat_room_info_Message,,,FC2L
FC2L_ask_channel_chat_roomlist_Message,0x0f01,3841,FC2L
FC2L_ask_channel_chat_user_list_Message,0x0f0f,3855,FC2L
FC2L_ask_channel_info_Message,0x020f,527,FC2L
FC2L_ask_character_gift_2ndpass_info_Message,0x202d,8237,FC2L
FC2L_ask_character_gift_2ndpass_set_Message,0x202b,8235,FC2L
FC2L_ask_character_gift_2ndpass_verify_Message,0x202f,8239,FC2L
FC2L_ask_character_gift_buy_info_Message,0x2029,8233,FC2L
FC2L_ask_character_gift_check_Message,,,FC2L
FC2L_ask_character_gift_make_Message,,,FC2L
FC2L_ask_character_info_Message,,,FC2L
FC2L_ask_charge_time_dungeon_Message,,,FC2L
FC2L_ask_charging_holygas_Message,0x1514,5396,FC2L
FC2L_ask_chat_report_Message,0x0e12,3602,FC2L
FC2L_ask_chat_unityalliance_Message,0x0e16,3606,FC2L
FC2L_ask_check_duplicate_guild_name_Message,,,FC2L
FC2L_ask_check_shop_product_Message,0x2014,8212,FC2L
FC2L_ask_check_use_cash_product_Message,0x2012,8210,FC2L
FC2L_ask_combinefail_info_Message,0x0535,1333,FC2L
FC2L_ask_combinefail_preview_Message,0x0559,1369,FC2L
FC2L_ask_combinefail_use_Message,0x0537,1335,FC2L
FC2L_ask_compose_talic_Message,0x0509,1289,FC2L
FC2L_ask_compose_talic_prob_list_Message,0x0557,1367,FC2L
FC2L_ask_conflict_area_info_Message,0x1811,6161,FC2L
FC2L_ask_conversion_talic_Message,0x050b,1291,FC2L
FC2L_ask_conversion_talic_prob_list_Message,0x050d,1293,FC2L
FC2L_ask_coreworld_current_info_Message,0x2c03,11267,FC2L
FC2L_ask_coreworld_info_Message,0x2c01,11265,FC2L
FC2L_ask_coreworld_last_result_info_Message,0x2c05,11269,FC2L
FC2L_ask_coreworld_last_result_top_user_info_Message,0x2c07,11271,FC2L
FC2L_ask_craft_item_Message,0x0528,1320,FC2L
FC2L_ask_craft_item_bookmark_info_Message,0x052c,1324,FC2L
FC2L_ask_craft_item_period_info_Message,0x0545,1349,FC2L
FC2L_ask_craft_item_period_info_all_Message,0x0547,1351,FC2L
FC2L_ask_craft_item_prob_Message,0x052e,1326,FC2L
FC2L_ask_craft_ug_Message,0x150b,5387,FC2L
FC2L_ask_create_character_Message,,,FC2L
FC2L_ask_create_guild_Message,0x0d03,3331,FC2L
FC2L_ask_create_party_Message,,,FC2L
FC2L_ask_create_unityalliance_Message,0x2a01,10753,FC2L
FC2L_ask_current_pk_history_info_Message,0x1915,6421,FC2L
FC2L_ask_delegate_party_leader_Message,,,FC2L
FC2L_ask_delete_character_Message,,,FC2L
FC2L_ask_delete_mail_Message,0x0c0f,3087,FC2L
FC2L_ask_delete_personal_mail_Message,,,FC2L
FC2L_ask_delete_request_mission_Message,0x0b1d,2845,FC2L
FC2L_ask_destroy_unityalliance_Message,0x2a0d,10765,FC2L
FC2L_ask_detach_talic_to_equip_Message,0x0507,1287,FC2L
FC2L_ask_dismantle_item_Message,,,FC2L
FC2L_ask_ditch_items_Message,,,FC2L
FC2L_ask_donate_guild_Message,,,FC2L
FC2L_ask_duo_party_Message,0x112c,4396,FC2L
FC2L_ask_edit_customizing_Message,,,FC2L
FC2L_ask_emergency_escape_Message,,,FC2L
FC2L_ask_enchant_biosuit_Message,0x2f03,12035,FC2L
FC2L_ask_enchant_equip_prob_Message,0x0513,1299,FC2L
FC2L_ask_enchant_skill_Message,,,FC2L
FC2L_ask_enchant_tech_link_Message,0x1517,5399,FC2L
FC2L_ask_enchant_ultimate_gear_level_Message,0x1512,5394,FC2L
FC2L_ask_enchantfail_list_Message,0x0539,1337,FC2L
FC2L_ask_enchantfail_preview_Message,0x055b,1371,FC2L
FC2L_ask_enchantfail_use_Message,0x053b,1339,FC2L
FC2L_ask_enemy_guild_list_Message,0x0d3e,3390,FC2L
FC2L_ask_enter_map_Message,,,FC2L
FC2L_ask_entry_connection_Message,,,FC2L
FC2L_ask_entry_login_Message,,,FC2L
FC2L_ask_equip_costume_Message,0x2b03,11011,FC2L
FC2L_ask_equip_rover_costume_Message,0x3104,12548,FC2L
FC2L_ask_equip_title_Message,,,FC2L
FC2L_ask_equip_weapon_costume_Message,0x3203,12803,FC2L
FC2L_ask_equipitem_remodel_Message,0x053d,1341,FC2L
FC2L_ask_equipitem_remodel_prob_Message,0x053f,1343,FC2L
FC2L_ask_event_item_exchange_Message,0x1e09,7689,FC2L
FC2L_ask_event_mission_reward_Message,0x1e07,7687,FC2L
FC2L_ask_event_mother_ship_status_list_Message,0x1815,6165,FC2L
FC2L_ask_exchange_for_my_sales_list_Message,0x1d06,7430,FC2L
FC2L_ask_exchange_for_my_settlement_list_Message,0x1d08,7432,FC2L
FC2L_ask_exchange_for_my_transaction_history_Message,0x1d0a,7434,FC2L
FC2L_ask_exchange_market_price_information_Message,0x1d16,7446,FC2L
FC2L_ask_exp_rank_info_Message,,,FC2L
FC2L_ask_exp_rank_list_Message,,,FC2L
FC2L_ask_exploration_report_info_Message,0x2601,9729,FC2L
FC2L_ask_exploration_report_reward_Message,0x2603,9731,FC2L
FC2L_ask_extend_inven_slot_Message,,,FC2L
FC2L_ask_fortress_auction_status_Message,0x3016,12310,FC2L
FC2L_ask_fortress_bid_Message,0x3018,12312,FC2L
FC2L_ask_fortress_bounty_info_list_Message,0x3009,12297,FC2L
FC2L_ask_fortress_donate_guild_Message,,,FC2L
FC2L_ask_fortress_history_Message,0x3012,12306,FC2L
FC2L_ask_fortress_last_result_detail_info_Message,0x3020,12320,FC2L
FC2L_ask_fortress_last_result_info_Message,0x301d,12317,FC2L
FC2L_ask_fortress_match_info_Message,0x3010,12304,FC2L
FC2L_ask_fortress_priority_join_Message,0x3014,12308,FC2L
FC2L_ask_friend_list_Message,,,FC2L
FC2L_ask_frontier_occupation_boss_info_Message,0x181d,6173,FC2L
FC2L_ask_frontier_occupation_contribution_Message,0x181b,6171,FC2L
FC2L_ask_frontier_occupation_info_Message,0x1817,6167,FC2L
FC2L_ask_frontier_occupation_region_Message,0x1819,6169,FC2L
FC2L_ask_game_event_base_data_Message,0x1e26,7718,FC2L
FC2L_ask_game_event_board_next_reward_list_no_Message,0x1e32,7730,FC2L
FC2L_ask_game_event_board_pick_reward_Message,0x1e2e,7726,FC2L
FC2L_ask_game_event_board_sub_reward_Message,0x1e30,7728,FC2L
FC2L_ask_game_event_capsule_gacha_Message,0x1e4b,7755,FC2L
FC2L_ask_game_event_capsule_list_Message,0x1e48,7752,FC2L
FC2L_ask_game_event_capsule_rank_list_Message,0x1e4e,7758,FC2L
FC2L_ask_game_event_group_buy_info_list_Message,0x1e65,7781,FC2L
FC2L_ask_game_event_group_buy_reward_Message,0x1e67,7783,FC2L
FC2L_ask_game_event_minor_vote_cancel_vote_Message,0x1e7a,7802,FC2L
FC2L_ask_game_event_minor_vote_cast_vote_Message,0x1e78,7800,FC2L
FC2L_ask_game_event_minor_vote_info_Message,0x1e75,7797,FC2L
FC2L_ask_game_event_minor_vote_reward_Message,0x1e7c,7804,FC2L
FC2L_ask_game_event_rank_race_ranking_list_data_Message,0x1e42,7746,FC2L
FC2L_ask_game_event_rank_race_reward_Message,0x1e40,7744,FC2L
FC2L_ask_game_event_rank_race_user_rank_Message,0x1e44,7748,FC2L
FC2L_ask_game_event_roulette_reward_Message,0x1e5f,7775,FC2L
FC2L_ask_game_event_roulette_reward_select_slot_random_setting_Message,0x1e72,7794,FC2L
FC2L_ask_game_event_roulette_reward_select_slot_reset_Message,0x1e70,7792,FC2L
FC2L_ask_game_event_roulette_reward_select_slot_setting_Message,0x1e6e,7790,FC2L
FC2L_ask_game_event_roulette_sub_reward_Message,0x1e61,7777,FC2L
FC2L_ask_game_event_slot_jackpot_play_Message,0x1e52,7762,FC2L
FC2L_ask_game_event_slot_jackpot_reward_Message,0x1e54,7764,FC2L
FC2L_ask_game_event_string_data_Message,0x1e28,7720,FC2L
FC2L_ask_game_event_user_data_Message,0x1e01,7681,FC2L
FC2L_ask_get_cash_define_Message,0x201d,8221,FC2L
FC2L_ask_get_cash_inven_item_Message,0x2010,8208,FC2L
FC2L_ask_get_sdk_reward_Message,0x2016,8214,FC2L
FC2L_ask_get_smart_product_list_Message,0x201f,8223,FC2L
FC2L_ask_go_game_Message,0x020b,523,FC2L
FC2L_ask_google_token_Message,0x0227,551,FC2L
FC2L_ask_guild_attendance_Message,0x0d2a,3370,FC2L
FC2L_ask_guild_attendance_reward_Message,0x0d2c,3372,FC2L
FC2L_ask_guild_auction_bid_Message,0x211f,8479,FC2L
FC2L_ask_guild_auction_bid_member_type_for_base_option_Message,0x2115,8469,FC2L
FC2L_ask_guild_auction_bid_member_type_for_product_Message,0x2117,8471,FC2L
FC2L_ask_guild_auction_chat_Message,,,FC2L
FC2L_ask_guild_auction_config_fast_bidding_Message,0x2119,8473,FC2L
FC2L_ask_guild_auction_infos_Message,0x2102,8450,FC2L
FC2L_ask_guild_auction_set_air_drop_type_default_Message,0x2110,8464,FC2L
FC2L_ask_guild_auction_set_air_drop_type_products_Message,0x210e,8462,FC2L
FC2L_ask_guild_auction_set_bid_reward_default_Message,0x210d,8461,FC2L
FC2L_ask_guild_auction_set_bid_reward_products_Message,0x210b,8459,FC2L
FC2L_ask_guild_auction_set_distribution_type_Message,0x2113,8467,FC2L
FC2L_ask_guild_auction_set_item_fast_bidding_Message,0x211b,8475,FC2L
FC2L_ask_guild_auction_set_item_stop_when_arrived_Message,0x211d,8477,FC2L
FC2L_ask_guild_auction_skip_result_time_Message,0x2127,8487,FC2L
FC2L_ask_guild_auction_sort_Message,0x2109,8457,FC2L
FC2L_ask_guild_auction_start_Message,0x2121,8481,FC2L
FC2L_ask_guild_auction_stop_Message,0x2125,8485,FC2L
FC2L_ask_guild_change_tax_rate_Message,0x0d77,3447,FC2L
FC2L_ask_guild_chat_Message,,,FC2L
FC2L_ask_guild_content_participation_info_Message,0x0daa,3498,FC2L
FC2L_ask_guild_currency_fortress_history_info_Message,0x0da4,3492,FC2L
FC2L_ask_guild_currency_list_Message,0x0d5a,3418,FC2L
FC2L_ask_guild_distribute_safebox_Message,0x0d75,3445,FC2L
FC2L_ask_guild_fortress_info_Message,0x0da6,3494,FC2L
FC2L_ask_guild_gift_list_Message,0x0d8f,3471,FC2L
FC2L_ask_guild_hangar_change_my_ug_Message,0x0d88,3464,FC2L
FC2L_ask_guild_hangar_info_Message,0x0d81,3457,FC2L
FC2L_ask_guild_hangar_member_ug_list_Message,0x0d85,3461,FC2L
FC2L_ask_guild_hangar_my_ug_list_Message,0x0d8a,3466,FC2L
FC2L_ask_guild_hangar_set_ug_Message,0x0d83,3459,FC2L
FC2L_ask_guild_history_info_Message,0x0d9a,3482,FC2L
FC2L_ask_guild_info_Message,,,FC2L
FC2L_ask_guild_info_transfer_Message,0x021d,541,FC2L
FC2L_ask_guild_member_banish_time_info_Message,0x0da2,3490,FC2L
FC2L_ask_guild_member_distribution_amount_info_Message,0x0d79,3449,FC2L
FC2L_ask_guild_members_info_Message,0x0d7b,3451,FC2L
FC2L_ask_guild_minewar_occupy_member_info_Message,0x0d98,3480,FC2L
FC2L_ask_guild_mission_list_Message,0x0d53,3411,FC2L
FC2L_ask_guild_mission_reward_Message,0x0d57,3415,FC2L
FC2L_ask_guild_raid_match_info_Message,0x0d6d,3437,FC2L
FC2L_ask_guild_raid_play_info_Message,0x0d69,3433,FC2L
FC2L_ask_guild_research_Message,0x0d8c,3468,FC2L
FC2L_ask_guild_safebox_history_info_Message,0x0d9e,3486,FC2L
FC2L_ask_guild_set_distribution_amount_Message,0x0d73,3443,FC2L
FC2L_ask_guild_skill_activate_Message,0x0d65,3429,FC2L
FC2L_ask_guild_skill_levelup_Message,0x0d63,3427,FC2L
FC2L_ask_guild_skill_list_Message,0x0d67,3431,FC2L
FC2L_ask_guild_suppression_play_info_Message,0x0d6f,3439,FC2L
FC2L_ask_guild_weekly_ranking_list_Message,0x0d7f,3455,FC2L
FC2L_ask_guild_withdraw_tax_Message,0x0d7d,3453,FC2L
FC2L_ask_identity_verification_Message,0x0213,531,FC2L
FC2L_ask_insert_matchmaking_Message,0x0603,1539,FC2L
FC2L_ask_invite_guild_Message,0x0d19,3353,FC2L
FC2L_ask_invite_to_party_Message,0x111d,4381,FC2L
FC2L_ask_item_collection_bookmark_info_Message,,,FC2L
FC2L_ask_join_party_Message,0x1112,4370,FC2L
FC2L_ask_join_unityalliance_Message,0x2a07,10759,FC2L
FC2L_ask_kick_out_party_Message,,,FC2L
FC2L_ask_kickout_unityalliance_Message,0x2a0b,10763,FC2L
FC2L_ask_lock_roster_unityalliance_Message,0x2a13,10771,FC2L
FC2L_ask_lock_trade_list_Message,0x2513,9491,FC2L
FC2L_ask_login_Message,,,FC2L
FC2L_ask_logout_Message,,,FC2L
FC2L_ask_map_content_enter_cool_time_Message,,,FC2L
FC2L_ask_map_content_user_count_Message,,,FC2L
FC2L_ask_match_party_Message,0x1123,4387,FC2L
FC2L_ask_max_cleared_dungeon_grade_Message,,,FC2L
FC2L_ask_minewar_history_Message,0x1b0c,6924,FC2L
FC2L_ask_minewar_mercenary_accept_Message,0x1b20,6944,FC2L
FC2L_ask_minewar_mercenary_accept_cancel_Message,0x1b22,6946,FC2L
FC2L_ask_minewar_mercenary_config_bounty_Message,0x1b13,6931,FC2L
FC2L_ask_minewar_mercenary_config_level_Message,0x1b10,6928,FC2L
FC2L_ask_minewar_mercenary_info_Message,0x1b1a,6938,FC2L
FC2L_ask_minewar_mercenary_reject_Message,0x1b24,6948,FC2L
FC2L_ask_minewar_mercenary_reject_all_Message,0x1b26,6950,FC2L
FC2L_ask_minewar_mercenary_request_Message,0x1b1c,6940,FC2L
FC2L_ask_minewar_mercenary_request_cancel_Message,0x1b1e,6942,FC2L
FC2L_ask_minewar_mercenary_start_recruit_Message,0x1b17,6935,FC2L
FC2L_ask_minewar_result_Message,0x1b0a,6922,FC2L
FC2L_ask_minewar_running_info_Message,0x1b08,6920,FC2L
FC2L_ask_minewar_skirmish_join_Message,0x1b04,6916,FC2L
FC2L_ask_minewar_skirmish_lobby_Message,0x1b02,6914,FC2L
FC2L_ask_minewar_skirmish_result_Message,0x1b06,6918,FC2L
FC2L_ask_minewar_special_reward_info_Message,0x1b2c,6956,FC2L
FC2L_ask_minewar_winning_guild_Message,0x1b0e,6926,FC2L
FC2L_ask_mission_accept_Message,0x0b10,2832,FC2L
FC2L_ask_mission_cancel_Message,0x0b12,2834,FC2L
FC2L_ask_mission_reward_recieve_Message,0x0b14,2836,FC2L
FC2L_ask_multi_enchant_equip_result_Message,0x0543,1347,FC2L
FC2L_ask_npc_shop_buy_batch_item_Message,,,FC2L
FC2L_ask_npc_shop_buy_item_Message,,,FC2L
FC2L_ask_npc_shop_product_user_data_list_Message,,,FC2L
FC2L_ask_npc_shop_register_items_Message,,,FC2L
FC2L_ask_npc_shop_registeration_item_list_Message,,,FC2L
FC2L_ask_option_equip_lock_Message,0x0511,1297,FC2L
FC2L_ask_other_user_info_Message,,,FC2L
FC2L_ask_other_user_rank_Message,,,FC2L
FC2L_ask_paint_costume_Message,0x2b05,11013,FC2L
FC2L_ask_paint_ug_Message,0x1510,5392,FC2L
FC2L_ask_party_chat_Message,,,FC2L
FC2L_ask_party_dungeon_2_season_record_info_Message,0x035b,859,FC2L
FC2L_ask_party_dungeon_penalty_info_Message,0x0356,854,FC2L
FC2L_ask_party_member_map_position_Message,0x1134,4404,FC2L
FC2L_ask_paypass_levelup_Message,0x1e24,7716,FC2L
FC2L_ask_paypass_reward_Message,0x1e22,7714,FC2L
FC2L_ask_ping_Message,,,FC2L
FC2L_ask_pk_chase_info_Message,,,FC2L
FC2L_ask_pk_history_Message,,,FC2L
FC2L_ask_pk_mockery_msg_Message,,,FC2L
FC2L_ask_pk_rank_info_Message,,,FC2L
FC2L_ask_pk_rank_list_Message,,,FC2L
FC2L_ask_probability_draw_Message,0x0526,1318,FC2L
FC2L_ask_probability_draw_prime_Message,0x054b,1355,FC2L
FC2L_ask_probability_redraw_Message,0x0524,1316,FC2L
FC2L_ask_progress_mission_info_Message,0x0b17,2839,FC2L
FC2L_ask_purchase_fortress_skill_Message,0x300e,12302,FC2L
FC2L_ask_purchased_fortress_skill_list_Message,0x300c,12300,FC2L
FC2L_ask_put_in_warehouse_Message,0x1f01,7937,FC2L
FC2L_ask_put_ultimate_gear_in_hangar_Message,0x1502,5378,FC2L
FC2L_ask_quest_action_Message,0x0a08,2568,FC2L
FC2L_ask_quest_reward_Message,0x0a04,2564,FC2L
FC2L_ask_quest_skip_Message,0x0a0e,2574,FC2L
FC2L_ask_quest_update_Message,0x0a13,2579,FC2L
FC2L_ask_quick_chat_list_Message,0x0e0e,3598,FC2L
FC2L_ask_read_mail_Message,0x0c1a,3098,FC2L
FC2L_ask_realm_contribution_season_reward_Message,0x2404,9220,FC2L
FC2L_ask_realm_id_card_kit_change_bonus_line_Message,0x241b,9243,FC2L
FC2L_ask_realm_id_card_kit_load_Message,0x2413,9235,FC2L
FC2L_ask_realm_id_card_kit_modify_Message,0x2417,9239,FC2L
FC2L_ask_realm_id_card_kit_reset_Message,0x2415,9237,FC2L
FC2L_ask_realm_id_card_kit_save_Message,0x2411,9233,FC2L
FC2L_ask_realm_id_card_kit_view_save_data_Message,0x2419,9241,FC2L
FC2L_ask_realm_id_card_rank_list_Message,0x240a,9226,FC2L
FC2L_ask_realm_id_card_rank_schedule_Message,0x2408,9224,FC2L
FC2L_ask_realm_id_card_user_rank_Message,0x240c,9228,FC2L
FC2L_ask_realm_idcard_change_Message,0x2401,9217,FC2L
FC2L_ask_rebuy_item_Message,,,FC2L
FC2L_ask_receive_guild_gift_Message,0x0d91,3473,FC2L
FC2L_ask_receive_mail_Message,0x0c0d,3085,FC2L
FC2L_ask_receive_personal_mail_Message,,,FC2L
FC2L_ask_receive_regist_amity_guild_list_Message,0x0d46,3398,FC2L
FC2L_ask_receive_support_guild_list_Message,0x3005,12293,FC2L
FC2L_ask_recommend_guild_list_Message,,,FC2L
FC2L_ask_recovery_exp_Message,,,FC2L
FC2L_ask_recovery_exp_info_list_Message,,,FC2L
FC2L_ask_refresh_mission_list_in_have_Message,0x0b0e,2830,FC2L
FC2L_ask_regist_amity_guild_Message,0x0d40,3392,FC2L
FC2L_ask_regist_amity_guild_list_Message,0x0d44,3396,FC2L
FC2L_ask_regist_enemy_guild_Message,0x0d3a,3386,FC2L
FC2L_ask_regist_trade_currency_Message,0x250c,9484,FC2L
FC2L_ask_regist_trade_item_Message,0x250a,9482,FC2L
FC2L_ask_register_block_mail_user_Message,,,FC2L
FC2L_ask_register_item_collection_Message,,,FC2L
FC2L_ask_release_amity_guild_Message,0x0d4a,3402,FC2L
FC2L_ask_release_enemy_guild_Message,0x0d3c,3388,FC2L
FC2L_ask_remove_black_list_Message,0x1013,4115,FC2L
FC2L_ask_remove_block_mail_user_Message,,,FC2L
FC2L_ask_remove_friend_Message,0x100d,4109,FC2L
FC2L_ask_remove_pending_response_Message,0x1009,4105,FC2L
FC2L_ask_remove_trade_item_Message,0x250e,9486,FC2L
FC2L_ask_repair_broken_equip_Message,0x0517,1303,FC2L
FC2L_ask_report_player_for_unjust_pk_Message,0x0353,851,FC2L
FC2L_ask_request_achievement_complete_reward_Message,,,FC2L
FC2L_ask_request_cutscene_play_Message,0x0a0c,2572,FC2L
FC2L_ask_request_guild_invitation_list_Message,0x0d1e,3358,FC2L
FC2L_ask_request_info_end_Message,0x0343,835,FC2L
FC2L_ask_request_join_guild_Message,,,FC2L
FC2L_ask_request_join_guild_list_Message,,,FC2L
FC2L_ask_request_join_users_Message,0x0d30,3376,FC2L
FC2L_ask_request_location_info_Message,,,FC2L
FC2L_ask_request_my_guild_invitation_list_Message,0x0d22,3362,FC2L
FC2L_ask_request_quest_Message,0x0a06,2566,FC2L
FC2L_ask_request_support_guild_Message,0x301a,12314,FC2L
FC2L_ask_request_support_guild_list_Message,0x3003,12291,FC2L
FC2L_ask_request_warp_Message,0x0a11,2577,FC2L
FC2L_ask_reserve_pk_chase_Message,,,FC2L
FC2L_ask_reset_biosuit_enchant_Message,0x2f05,12037,FC2L
FC2L_ask_respond_challenge_mode_squad_register_Message,0x0360,864,FC2L
FC2L_ask_respond_to_friend_request_Message,,,FC2L
FC2L_ask_revive_info_Message,,,FC2L
FC2L_ask_revive_player_Message,,,FC2L
FC2L_ask_reward_fake_mail_event_Message,0x1e58,7768,FC2L
FC2L_ask_reward_once_mail_event_Message,0x1e3b,7739,FC2L
FC2L_ask_reward_time_mail_event_Message,0x1e37,7735,FC2L
FC2L_ask_rover_costume_parts_item_set_lock_Message,0x3109,12553,FC2L
FC2L_ask_runtime_change_item_craft_table_info_Message,0x055d,1373,FC2L
FC2L_ask_runtime_change_reward_table_info_Message,,,FC2L
FC2L_ask_save_position_data_Message,0x034d,845,FC2L
FC2L_ask_save_ug_skill_auto_bit_flag_Message,0x150e,5390,FC2L
FC2L_ask_search_friend_Message,0x100b,4107,FC2L
FC2L_ask_search_guild_name_Message,,,FC2L
FC2L_ask_search_party_Message,0x1110,4368,FC2L
FC2L_ask_search_recommendation_user_Message,0x111b,4379,FC2L
FC2L_ask_search_user_Message,0x112e,4398,FC2L
FC2L_ask_search_user_by_name_Message,0x0d36,3382,FC2L
FC2L_ask_select_defence_support_guild_Message,0x3001,12289,FC2L
FC2L_ask_sell_item_batch_Message,,,FC2L
FC2L_ask_send_friend_request_Message,,,FC2L
FC2L_ask_send_guild_member_mail_Message,,,FC2L
FC2L_ask_send_personal_mail_Message,,,FC2L
FC2L_ask_send_reserved_system_msg_Message,0x0e0b,3595,FC2L
FC2L_ask_server_notice_Message,0x1c01,7169,FC2L
FC2L_ask_set_channel_chat_representative_room_id_Message,0x0f1d,3869,FC2L
FC2L_ask_set_distribute_type_unityalliance_Message,0x2a17,10775,FC2L
FC2L_ask_set_exploration_schedule_info_Message,,,FC2L
FC2L_ask_set_fortress_bounty_value_Message,0x3007,12295,FC2L
FC2L_ask_set_game_option_info_Message,0x033d,829,FC2L
FC2L_ask_set_keymapping_data_Message,0x0350,848,FC2L
FC2L_ask_set_lock_Message,,,FC2L
FC2L_ask_set_macro_score_Message,0x036f,879,FC2L
FC2L_ask_set_menu_bookmark_info_Message,0x0340,832,FC2L
FC2L_ask_set_ping_mode_Message,,,FC2L
FC2L_ask_set_preset_data_Message,,,FC2L
FC2L_ask_set_quickslot_data_Message,,,FC2L
FC2L_ask_set_red_notify_Message,,,FC2L
FC2L_ask_set_warehouse_batch_option_Message,0x1f0c,7948,FC2L
FC2L_ask_set_warehouse_batch_put_in_option_Message,0x1f09,7945,FC2L
FC2L_ask_single_enchant_equip_result_Message,0x0541,1345,FC2L
FC2L_ask_start_exploration_schedule_Message,0x2701,9985,FC2L
FC2L_ask_start_offline_Message,,,FC2L
FC2L_ask_stop_exploration_schedule_Message,0x2703,9987,FC2L
FC2L_ask_summon_ultimate_gear_Message,0x1504,5380,FC2L
FC2L_ask_sweep_daily_mission_Message,0x0b19,2841,FC2L
FC2L_ask_sweep_scion_training_Message,0x2801,10241,FC2L
FC2L_ask_tactical_lab_battle_core_craft_Message,0x220d,8717,FC2L
FC2L_ask_tactical_lab_battle_module_change_option_Message,0x2213,8723,FC2L
FC2L_ask_tactical_lab_battle_module_enchant_Message,0x2211,8721,FC2L
FC2L_ask_tactical_lab_battle_module_enchant_prob_Message,0x2219,8729,FC2L
FC2L_ask_tactical_lab_battle_module_preset_change_Message,0x221c,8732,FC2L
FC2L_ask_tactical_lab_battle_module_preset_import_Message,0x2220,8736,FC2L
FC2L_ask_tactical_lab_battle_module_preset_name_Message,0x221e,8734,FC2L
FC2L_ask_tactical_lab_battle_module_reset_Message,0x2215,8725,FC2L
FC2L_ask_tactical_lab_battle_record_gain_reward_Message,0x2203,8707,FC2L
FC2L_ask_tactical_lab_battle_record_levelup_Message,0x2205,8709,FC2L
FC2L_ask_tactical_lab_battle_simulation_activate_complete_Message,0x2208,8712,FC2L
FC2L_ask_tactical_lab_battle_simulation_map_content_request_Message,0x220a,8714,FC2L
FC2L_ask_take_out_warehouse_Message,0x1f03,7939,FC2L
FC2L_ask_talic_item_set_lock_Message,,,FC2L
FC2L_ask_tax_bank_info_Message,0x1d1c,7452,FC2L
FC2L_ask_tax_rate_info_Message,0x1d1e,7454,FC2L
FC2L_ask_teleport_Message,,,FC2L
FC2L_ask_timedungeon_match_info_Message,0x0359,857,FC2L
FC2L_ask_trade_cancel_Message,0x2511,9489,FC2L
FC2L_ask_trade_request_Message,0x2501,9473,FC2L
FC2L_ask_trade_request_cancel_Message,0x2505,9477,FC2L
FC2L_ask_transfer_check_Message,,,FC2L
FC2L_ask_transferitem_check_Message,,,FC2L
FC2L_ask_transform_weapon_Message,0x0530,1328,FC2L
FC2L_ask_transform_weapon_costume_Message,0x3207,12807,FC2L
FC2L_ask_tutorial_complete_Message,0x0339,825,FC2L
FC2L_ask_ua_applicant_list_Message,0x2a1c,10780,FC2L
FC2L_ask_ua_applicant_response_Message,0x2a1e,10782,FC2L
FC2L_ask_ua_invitation_list_Message,0x2a1a,10778,FC2L
FC2L_ask_ua_member_map_position_Message,0x2a20,10784,FC2L
FC2L_ask_ua_member_set_ready_Message,0x2a22,10786,FC2L
FC2L_ask_ug_stat_Message,0x1509,5385,FC2L
FC2L_ask_unityalliance_list_Message,0x2a11,10769,FC2L
FC2L_ask_unlock_guild_emblem_Message,0x0d5f,3423,FC2L
FC2L_ask_unlock_guild_emblem_list_Message,0x0d5d,3421,FC2L
FC2L_ask_unlock_trade_list_Message,0x2516,9494,FC2L
FC2L_ask_update_bookmark_Message,0x1d19,7449,FC2L
FC2L_ask_update_craft_item_bookmark_Message,0x052a,1322,FC2L
FC2L_ask_update_fraud_Message,0x0211,529,FC2L
FC2L_ask_update_guild_emblem_Message,0x0d24,3364,FC2L
FC2L_ask_update_guild_fortress_occupy_member_Message,0x0da8,3496,FC2L
FC2L_ask_update_guild_info_Message,0x0d28,3368,FC2L
FC2L_ask_update_guild_minewar_occupy_member_Message,0x0d96,3478,FC2L
FC2L_ask_update_guild_notice_or_pr_Message,0x0d26,3366,FC2L
FC2L_ask_update_guild_open_chat_info_Message,0x0d94,3476,FC2L
FC2L_ask_update_item_collection_bookmark_Message,,,FC2L
FC2L_ask_update_member_open_combat_power_Message,0x0d9c,3484,FC2L
FC2L_ask_update_member_profile_msg_Message,0x0d38,3384,FC2L
FC2L_ask_update_party_option_Message,0x1129,4393,FC2L
FC2L_ask_update_personal_mail_Message,,,FC2L
FC2L_ask_update_quick_chat_Message,0x0e10,3600,FC2L
FC2L_ask_update_rover_costume_parts_Message,0x3106,12550,FC2L
FC2L_ask_update_skill_use_order_Message,0x0709,1801,FC2L
FC2L_ask_update_unityalliance_info_Message,0x2a03,10755,FC2L
FC2L_ask_update_watch_list_Message,,,FC2L
FC2L_ask_upgrade_realm_id_card_Message,0x240e,9230,FC2L
FC2L_ask_use_boss_spawn_item_Message,,,FC2L
FC2L_ask_use_item_Message,,,FC2L
FC2L_ask_verify_register_device_Message,0x0215,533,FC2L
FC2L_ask_view_reward_list_Message,,,FC2L
FC2L_ask_wait_enter_map_Message,,,FC2L
FC2L_ask_wargame_base_info_Message,,,FC2L
FC2L_ask_wargame_candidate_Message,0x170d,5901,FC2L
FC2L_ask_wargame_matching_history_Message,,,FC2L
FC2L_ask_wargame_matching_info_Message,,,FC2L
FC2L_ask_wargame_season_reward_Message,,,FC2L
FC2L_ask_wargame_season_reward_info_Message,,,FC2L
FC2L_ask_whisper_chat_Message,0x0e0c,3596,FC2L
FC2L_ask_whisper_report_Message,0x0e14,3604,FC2L
FC2L_ask_withdraw_from_guild_Message,,,FC2L
FC2L_ask_withdraw_party_Message,,,FC2L
FC2L_ask_world_chat_Message,0x0e01,3585,FC2L
FC2L_ask_world_group_chat_Message,0x0e18,3608,FC2L
FC2L_ask_world_group_chat_block_Message,0x0e1d,3613,FC2L
FC2L_ask_world_group_chat_report_Message,0x0e1a,3610,FC2L
FC2L_ask_world_info_transfer_Message,0x021b,539,FC2L
FC2L_nmssw_verify_check_Message,0x021a,538,FC2L
FC2L_request_detailed_list_of_purchase_on_exchange_Message,0x1d03,7427,FC2L
FC2L_request_exchange_to_cancel_sale_item_Message,0x1d0e,7438,FC2L
FC2L_request_exchange_to_register_sale_item_Message,0x1d0c,7436,FC2L
FC2L_request_exchange_to_reregister_sale_item_Message,0x1d10,7440,FC2L
FC2L_request_info_Message,,,FC2L
FC2L_request_purchase_list_on_exchange_Message,0x1d01,7425,FC2L
FC2L_request_settlement_of_exchange_Message,0x1d14,7444,FC2L
FC2L_request_to_purchase_item_on_exchange_Message,0x1d12,7442,FC2L
FC2L_reserve_mapcontent_realm_Message,,,FC2L
FC2L_respond_party_invitation_Message,0x1120,4384,FC2L
FC2L_respond_to_join_party_Message,0x1114,4372,FC2L
FC2L_response_trade_request_Message,0x2504,9476,FC2L
FG2C_activate_unit_Message,0x0319,793,FG2C
FG2C_activating_unit_Message,0x031a,794,FG2C
FG2C_add_extra_skill_Message,0x0611,1553,FG2C
FG2C_ans_appear_viewpoint_monster_list_Message,0x041d,1053,FG2C
FG2C_ans_babylon_occupation_warp_Message,0x1908,6408,FG2C
FG2C_ans_base_return_Message,0x0d11,3345,FG2C
FG2C_ans_base_return_battle_for_paradise_Message,0x110e,4366,FG2C
FG2C_ans_base_return_steel_battle_field_Message,0x1a04,6660,FG2C
FG2C_ans_begin_hyperline_Message,0x0418,1048,FG2C
FG2C_ans_begin_interaction_Message,0x0411,1041,FG2C
FG2C_ans_begin_use_normal_skill_Message,0x060a,1546,FG2C
FG2C_ans_board_unit_Message,0x0e03,3587,FG2C
FG2C_ans_boss_position_Message,0x031f,799,FG2C
FG2C_ans_cancel_skill_Message,0x0604,1540,FG2C
FG2C_ans_change_target_position_Message,0x0619,1561,FG2C
FG2C_ans_chat_report_Message,0x080e,2062,FG2C
FG2C_ans_cheat_list_Message,0x0502,1282,FG2C
FG2C_ans_coreworld_join_room_Message,0x1401,5121,FG2C
FG2C_ans_coreworld_team_point_detail_Message,0x1404,5124,FG2C
FG2C_ans_create_party_Message,0x0903,2307,FG2C
FG2C_ans_customizing_list_Message,0x0405,1029,FG2C
FG2C_ans_cutscene_skip_Message,0x0a03,2563,FG2C
FG2C_ans_delegate_party_leader_Message,0x0905,2309,FG2C
FG2C_ans_detail_map_info_Message,0x0d15,3349,FG2C
FG2C_ans_end_hyperline_Message,0x041a,1050,FG2C
FG2C_ans_end_interaction_Message,0x0413,1043,FG2C
FG2C_ans_end_use_normal_skill_Message,0x060c,1548,FG2C
FG2C_ans_exitroom_Message,0x0204,516,FG2C
FG2C_ans_fortress_first_destroyed_npc_infos_Message,0x180d,6157,FG2C
FG2C_ans_fortress_return_to_base_Message,0x180f,6159,FG2C
FG2C_ans_fortress_skill_list_Message,0x1808,6152,FG2C
FG2C_ans_fortress_warp_Message,0x1806,6150,FG2C
FG2C_ans_frontier_occupation_pve_join_room_Message,0x170a,5898,FG2C
FG2C_ans_frontier_occupation_pvp_contribution_rank_Message,0x1705,5893,FG2C
FG2C_ans_frontier_occupation_pvp_join_room_Message,0x1701,5889,FG2C
FG2C_ans_grid_debug_info_Message,0x0f07,3847,FG2C
FG2C_ans_guild_killpoint_Message,0x1003,4099,FG2C
FG2C_ans_guild_member_contribution_info_battle_for_paradise_Message,0x110b,4363,FG2C
FG2C_ans_interact_portal_obj_Message,0x0415,1045,FG2C
FG2C_ans_invite_to_party_Message,0x0911,2321,FG2C
FG2C_ans_item_spawn_monster_info_Message,0x032d,813,FG2C
FG2C_ans_join_party_Message,0x090f,2319,FG2C
FG2C_ans_joinroom_Message,0x0202,514,FG2C
FG2C_ans_kick_out_party_Message,0x0909,2313,FG2C
FG2C_ans_local_chat_Message,0x0802,2050,FG2C
FG2C_ans_location_marker_info_Message,0x0323,803,FG2C
FG2C_ans_login_Message,,,FG2C
FG2C_ans_logout_Message,,,FG2C
FG2C_ans_mapcontent_teleport_info_Message,0x0c0e,3086,FG2C
FG2C_ans_mine_war_boss_info_Message,0x0d06,3334,FG2C
FG2C_ans_mine_war_my_score_Message,0x0d04,3332,FG2C
FG2C_ans_mine_war_rank_list_Message,0x0d0a,3338,FG2C
FG2C_ans_mine_war_realm_drill_hp_Message,0x0d0d,3341,FG2C
FG2C_ans_move_boarding_unit_Message,0x0e06,3590,FG2C
FG2C_ans_move_boarding_unit_failed_Message,0x0e07,3591,FG2C
FG2C_ans_move_player_Message,,,FG2C
FG2C_ans_move_player_failed_Message,0x0303,771,FG2C
FG2C_ans_parent_ui_info_Message,0x0327,807,FG2C
FG2C_ans_party_chat_Message,0x0806,2054,FG2C
FG2C_ans_ping_Message,,,FG2C
FG2C_ans_play_motion_Message,0x080a,2058,FG2C
FG2C_ans_player_contribution_info_babylon_occupation_Message,0x1906,6406,FG2C
FG2C_ans_player_profile_info_Message,0x0403,1027,FG2C
FG2C_ans_request_teleport_Message,0x0409,1033,FG2C
FG2C_ans_respond_party_invitation_Message,0x0914,2324,FG2C
FG2C_ans_respond_to_join_party_Message,0x090d,2317,FG2C
FG2C_ans_search_recommend_player_Message,0x091a,2330,FG2C
FG2C_ans_search_user_Message,0x091c,2332,FG2C
FG2C_ans_server_status_Message,0x1302,4866,FG2C
FG2C_ans_server_tick_info_Message,,,FG2C
FG2C_ans_set_location_marker_Message,0x0321,801,FG2C
FG2C_ans_set_ping_mode_Message,,,FG2C
FG2C_ans_spawner_debug_info_Message,0x0f02,3842,FG2C
FG2C_ans_steel_battle_field_guild_member_contribution_info_Message,0x1a13,6675,FG2C
FG2C_ans_steel_battle_field_realm_contribution_info_Message,0x1a15,6677,FG2C
FG2C_ans_summon_ultimate_gear_in_direct_Message,0x0b07,2823,FG2C
FG2C_ans_team_chat_Message,0x0804,2052,FG2C
FG2C_ans_teleport_occupy_region_Message,0x1709,5897,FG2C
FG2C_ans_trace_pos_Message,0x0312,786,FG2C
FG2C_ans_ua_invite_member_Message,0x1604,5636,FG2C
FG2C_ans_ua_pick_target_partygroup_Message,0x1606,5638,FG2C
FG2C_ans_ua_visit_recommand_list_Message,0x1602,5634,FG2C
FG2C_ans_ultimate_gear_info_Message,0x0b03,2819,FG2C
FG2C_ans_unit_aggro_debug_info_Message,0x0f04,3844,FG2C
FG2C_ans_unit_stat_Message,0x0422,1058,FG2C
FG2C_ans_unityalliance_chat_Message,0x0808,2056,FG2C
FG2C_ans_unityalliance_member_location_info_Message,0x041f,1055,FG2C
FG2C_ans_update_party_option_Message,0x0917,2327,FG2C
FG2C_ans_use_fortress_skill_Message,0x180a,6154,FG2C
FG2C_ans_use_instant_skill_Message,0x0624,1572,FG2C
FG2C_ans_use_mine_war_turret_skill_Message,0x0621,1569,FG2C
FG2C_ans_use_normal_postskill_Message,0x060e,1550,FG2C
FG2C_ans_use_normal_skill_Message,0x060d,1549,FG2C
FG2C_ans_use_postskill_Message,0x0608,1544,FG2C
FG2C_ans_use_skill_Message,0x0602,1538,FG2C
FG2C_ans_withdraw_party_Message,0x0907,2311,FG2C
FG2C_ans_worldboss_top_players_info_Message,0x0c0a,3082,FG2C
FG2C_appear_interaction_object_list_Message,0x0308,776,FG2C
FG2C_appear_monster_list_Message,0x0307,775,FG2C
FG2C_appear_player_list_Message,0x0305,773,FG2C
FG2C_appear_portal_list_Message,0x0309,777,FG2C
FG2C_appear_ultimate_gear_list_Message,,,FG2C
FG2C_ask_babylon_occupation_buff_info_Message,0x1912,6418,FG2C
FG2C_battle_for_paradies_center_door_is_open_Message,0x1107,4359,FG2C
FG2C_battle_for_paradise_early_termination_state_noti_Message,0x1109,4361,FG2C
FG2C_battle_for_paradise_first_half_of_max_socore_Message,0x1106,4358,FG2C
FG2C_battle_for_paradise_max_socore_Message,0x1108,4360,FG2C
FG2C_battle_for_pardise_result_Message,0x110c,4364,FG2C
FG2C_bundle_message_Message,,,FG2C
FG2C_change_bufftime_Message,0x060f,1551,FG2C
FG2C_change_skill_cooltime_Message,0x0610,1552,FG2C
FG2C_changed_combat_state_Message,0x030c,780,FG2C
FG2C_charging_info_Message,0x0616,1558,FG2C
FG2C_create_shield_Message,0x061e,1566,FG2C
FG2C_cutscene_info_Message,0x0a01,2561,FG2C
FG2C_damage_log_Message,0x061c,1564,FG2C
FG2C_del_extra_skill_Message,0x0612,1554,FG2C
FG2C_destroy_shield_Message,0x061f,1567,FG2C
FG2C_direct_ug_setting_noti_Message,0x0b0b,2827,FG2C
FG2C_direct_ug_update_Message,0x0b0a,2826,FG2C
FG2C_disappear_unit_list_Message,0x030a,778,FG2C
FG2C_dispel_skillbuff_Message,0x0606,1542,FG2C
FG2C_display_recovery_floater_Message,0x032b,811,FG2C
FG2C_display_skillbuff_Message,0x0605,1541,FG2C
FG2C_display_string_key_Message,0x080c,2060,FG2C
FG2C_do_damage_Message,0x061a,1562,FG2C
FG2C_dying_unit_Message,0x0316,790,FG2C
FG2C_effect_skillbuff_Message,0x0607,1543,FG2C
FG2C_exit_end_in_content_play_Message,0x0207,519,FG2C
FG2C_finish_game_Message,0x0206,518,FG2C
FG2C_flying_info_Message,0x0318,792,FG2C
FG2C_guild_raid_round_state_Message,0x0c0b,3083,FG2C
FG2C_guild_suppression_info_Message,0x0c0c,3084,FG2C
FG2C_interaction_object_info_Message,0x040f,1039,FG2C
FG2C_join_battle_for_paradise_room_info_Message,0x1104,4356,FG2C
FG2C_lobby_stat_Message,0x0423,1059,FG2C
FG2C_map_phase_countdown_Message,0x0c03,3075,FG2C
FG2C_map_phase_info_Message,0x0c01,3073,FG2C
FG2C_map_trigger_history_info_Message,0x0c04,3076,FG2C
FG2C_map_trigger_info_Message,0x0c02,3074,FG2C
FG2C_mau_comeback_count_down_notice_Message,0x0b01,2817,FG2C
FG2C_mine_war_info_summary_Message,0x0d02,3330,FG2C
FG2C_mine_war_object_attacked_Message,0x0d0b,3339,FG2C
FG2C_mine_war_realm_drill_info_Message,0x0d08,3336,FG2C
FG2C_mine_war_turret_info_Message,0x0d07,3335,FG2C
FG2C_minewar_skirmish_guild_manager_info_Message,0x1006,4102,FG2C
FG2C_minewar_skirmish_object_event_noti_Message,0x1005,4101,FG2C
FG2C_move_to_Message,0x030e,782,FG2C
FG2C_noflying_flag_room_Message,0x0208,520,FG2C
FG2C_noti_babylon_occupation_buff_Message,0x1903,6403,FG2C
FG2C_noti_babylon_occupation_gate_state_Message,0x1909,6409,FG2C
FG2C_noti_babylon_occupation_occupy_area_info_Message,0x1904,6404,FG2C
FG2C_noti_babylon_occupation_result_Message,0x190d,6413,FG2C
FG2C_noti_babylon_occupation_score_Message,0x1902,6402,FG2C
FG2C_noti_babylon_occupation_state_Message,0x1901,6401,FG2C
FG2C_noti_babylon_occupation_win_reward_sector_Message,0x1911,6417,FG2C
FG2C_noti_babylon_occuptaion_gate_destroy_Message,0x190a,6410,FG2C
FG2C_noti_babylon_pve_boss_dead_Message,0x1914,6420,FG2C
FG2C_noti_babylon_pve_boss_spawn_Message,0x190b,6411,FG2C
FG2C_noti_babylon_pvp_boss_kill_Message,0x190f,6415,FG2C
FG2C_noti_babylon_pvp_boss_spawn_Message,0x190e,6414,FG2C
FG2C_noti_babylon_pvp_monster_kill_Message,0x1910,6416,FG2C
FG2C_noti_barricade_destroy_Message,0x0d13,3347,FG2C
FG2C_noti_battle_for_paradise_my_score_Message,0x110f,4367,FG2C
FG2C_noti_change_movement_Message,0x041b,1051,FG2C
FG2C_noti_cheat_result_Message,0x0503,1283,FG2C
FG2C_noti_coreworld_killer_user_info_Message,0x1405,5125,FG2C
FG2C_noti_coreworld_monster_position_info_Message,0x1406,5126,FG2C
FG2C_noti_coreworld_point_Message,0x1402,5122,FG2C
FG2C_noti_coreworld_result_Message,0x1407,5127,FG2C
FG2C_noti_cragmine_result_Message,0x0d01,3329,FG2C
FG2C_noti_fortress_attacked_npc_info_Message,0x1804,6148,FG2C
FG2C_noti_fortress_destroyed_npc_info_Message,0x1803,6147,FG2C
FG2C_noti_fortress_info_Message,0x1801,6145,FG2C
FG2C_noti_fortress_interaction_obj_state_Message,0x1802,6146,FG2C
FG2C_noti_fortress_result_Message,0x180b,6155,FG2C
FG2C_noti_frontier_occupation_changed_occupy_region_Message,0x1703,5891,FG2C
FG2C_noti_frontier_occupation_hp_info_Message,0x1702,5890,FG2C
FG2C_noti_frontier_occupation_my_score_Message,0x1706,5894,FG2C
FG2C_noti_frontier_occupation_pve_boss_info_Message,0x170b,5899,FG2C
FG2C_noti_frontier_occupation_pve_elite_boss_info_Message,0x170c,5900,FG2C
FG2C_noti_frontier_occupation_pvp_result_Message,0x1707,5895,FG2C
FG2C_noti_getoff_turret_reason_Message,0x0d16,3350,FG2C
FG2C_noti_guardian_destroy_Message,0x0d12,3346,FG2C
FG2C_noti_join_room_info_steel_battle_field_Message,0x1a01,6657,FG2C
FG2C_noti_latest_guild_info_Message,0x1b01,6913,FG2C
FG2C_noti_mine_war_supply_buff_Message,0x0d0f,3343,FG2C
FG2C_noti_minewar_guild_relation_info_Message,0x0d18,3352,FG2C
FG2C_noti_minewar_skirmish_occupy_member_info_Message,0x1007,4103,FG2C
FG2C_noti_my_contribution_babylon_occupation_Message,0x190c,6412,FG2C
FG2C_noti_questzone_limit_time_Message,0x1501,5377,FG2C
FG2C_noti_steel_battle_field_base_npc_attacked_Message,0x1a10,6672,FG2C
FG2C_noti_steel_battle_field_buff_effect_Message,0x1a0c,6668,FG2C
FG2C_noti_steel_battle_field_enter_inner_Message,0x1a09,6665,FG2C
FG2C_noti_steel_battle_field_heart_Message,0x1a11,6673,FG2C
FG2C_noti_steel_battle_field_inner_state_Message,0x1a08,6664,FG2C
FG2C_noti_steel_battle_field_my_contribution_Message,0x1a0a,6666,FG2C
FG2C_noti_steel_battle_field_object_despawn_unit_Message,0x1a07,6663,FG2C
FG2C_noti_steel_battle_field_object_spawn_unit_Message,0x1a06,6662,FG2C
FG2C_noti_steel_battle_field_realm_heart_Message,0x1a0b,6667,FG2C
FG2C_noti_steel_battle_field_result_Message,0x1a05,6661,FG2C
FG2C_noti_worldboss_result_Message,0x0c05,3077,FG2C
FG2C_notify_appear_item_spawn_monster_Message,0x032f,815,FG2C
FG2C_notify_battle_for_paradise_active_step_info_Message,0x1102,4354,FG2C
FG2C_notify_battle_for_paradise_guild_score_Message,0x1103,4355,FG2C
FG2C_notify_battle_for_paradise_occupy_area_info_Message,0x1101,4353,FG2C
FG2C_notify_boss_result_Message,0x031d,797,FG2C
FG2C_notify_boss_status_Message,0x031b,795,FG2C
FG2C_notify_boss_status_list_Message,0x031c,796,FG2C
FG2C_notify_item_spawn_monster_result_Message,0x032e,814,FG2C
FG2C_notify_minewar_mercenary_info_Message,0x0d17,3351,FG2C
FG2C_notify_option_applied_Message,0x040d,1037,FG2C
FG2C_notify_pk_info_Message,0x040e,1038,FG2C
FG2C_notify_random_boss_status_Message,,,FG2C
FG2C_notify_random_boss_status_list_Message,0x0331,817,FG2C
FG2C_notify_steel_battle_field_active_step_info_Message,0x1a02,6658,FG2C
FG2C_notify_steel_battle_field_guild_score_Message,0x1a0d,6669,FG2C
FG2C_notify_tactical_lab_simulation_info_Message,0x1201,4609,FG2C
FG2C_parent_info_Message,0x0317,791,FG2C
FG2C_participate_guild_info_Message,0x1001,4097,FG2C
FG2C_party_dungeon_2_game_state_Message,0x0c15,3093,FG2C
FG2C_party_dungeon_2_result_Message,0x0c16,3094,FG2C
FG2C_party_dungeon_difficulty_portal_list_Message,0x0c12,3090,FG2C
FG2C_party_dungeon_result_Message,0x0c14,3092,FG2C
FG2C_party_dungeon_round_portal_list_Message,0x0c13,3091,FG2C
FG2C_party_dungeon_round_state_Message,0x0c11,3089,FG2C
FG2C_party_member_ui_info_Message,0x0901,2305,FG2C
FG2C_party_target_uid_select_Message,0x0920,2336,FG2C
FG2C_path_info_Message,0x030d,781,FG2C
FG2C_play_spec_anim_npc_Message,0x0329,809,FG2C
FG2C_player_kill_info_Message,0x1105,4357,FG2C
FG2C_player_stat_Message,0x0401,1025,FG2C
FG2C_receive_party_invitation_Message,0x0912,2322,FG2C
FG2C_recv_skill_effect_info_Message,0x061b,1563,FG2C
FG2C_reflect_damage_info_Message,0x0613,1555,FG2C
FG2C_refused_invite_party_Message,0x0915,2325,FG2C
FG2C_refused_join_party_Message,0x090e,2318,FG2C
FG2C_rejoin_party_info_Message,0x0918,2328,FG2C
FG2C_request_to_join_party_Message,0x090b,2315,FG2C
FG2C_restore_hp_fp_Message,0x0311,785,FG2C
FG2C_restore_hp_npc_kill_Message,0x0614,1556,FG2C
FG2C_road_path_info_Message,0x032a,810,FG2C
FG2C_rotate_to_Message,0x030f,783,FG2C
FG2C_server_debug_log_Message,0x0f05,3845,FG2C
FG2C_set_game_state_Message,0x0313,787,FG2C
FG2C_set_target_Message,0x0701,1793,FG2C
FG2C_shield_list_Message,0x061d,1565,FG2C
FG2C_skill_error_debug_Message,0x0627,1575,FG2C
FG2C_skill_info_Message,0x0617,1559,FG2C
FG2C_skirmish_result_Message,0x1004,4100,FG2C
FG2C_steel_battle_field_early_termination_state_noti_Message,0x1a0f,6671,FG2C
FG2C_steel_battle_field_max_score_Message,0x1a0e,6670,FG2C
FG2C_success_with_turret_skill_Message,0x0622,1570,FG2C
FG2C_system_msg_Message,0x080b,2059,FG2C
FG2C_ug_paint_update_Message,0x0b08,2824,FG2C
FG2C_ug_quest_summon_info_Message,0x0b09,2825,FG2C
FG2C_ultimate_gear_state_notice_Message,0x0b04,2820,FG2C
FG2C_ultimate_gear_working_remain_time_Message,0x0b05,2821,FG2C
FG2C_unit_stat_changed_Message,0x0324,804,FG2C
FG2C_update_buff_target_position_Message,0x0625,1573,FG2C
FG2C_update_collider_info_Message,0x0325,805,FG2C
FG2C_update_customizing_info_Message,0x0406,1030,FG2C
FG2C_update_level_and_exp_Message,0x0420,1056,FG2C
FG2C_update_player_equip_info_Message,0x0407,1031,FG2C
FG2C_update_player_profile_info_Message,0x040c,1036,FG2C
FG2C_update_player_skill_info_Message,0x0623,1571,FG2C
FG2C_update_realm_info_Message,0x0310,784,FG2C
FG2C_update_steel_battle_field_mau_summon_station_Message,0x1a16,6678,FG2C
FG2C_update_unit_boarding_state_Message,0x0e04,3588,FG2C
FG2C_wall_damage_info_Message,0x0615,1557,FG2C
FG2C_warp_player_Message,0x040a,1034,FG2C
FG2C_warp_worldboss_Message,0x0c06,3078,FG2C
FG2C_worldboss_hp_sync_Message,0x0c07,3079,FG2C
FG2C_worldboss_personal_contribution_update_Message,0x0c08,3080,FG2C
FL2C_all_achievement_pending_reward_Message,0x0b16,2838,FL2C
FL2C_all_achievement_progress_infos_Message,,,FL2C
FL2C_ans_accept_guild_invitation_Message,0x0d21,3361,FL2C
FL2C_ans_accept_regist_amity_guild_Message,0x0d49,3401,FL2C
FL2C_ans_accept_to_join_guild_Message,0x0d0e,3342,FL2C
FL2C_ans_accept_transaction_Message,0x251c,9500,FL2C
FL2C_ans_acceptance_match_Message,,,FL2C
FL2C_ans_account_withdraw_Message,0x0218,536,FL2C
FL2C_ans_add_black_list_Message,0x1012,4114,FL2C
FL2C_ans_alchemy_execute_Message,0x0552,1362,FL2C
FL2C_ans_alchemy_predict_Message,0x0550,1360,FL2C
FL2C_ans_alchemy_progress_info_Message,0x054e,1358,FL2C
FL2C_ans_alchemy_random_rate_info_Message,0x0556,1366,FL2C
FL2C_ans_alchemy_reset_Message,0x0554,1364,FL2C
FL2C_ans_all_character_infos_Message,0x020e,526,FL2C
FL2C_ans_all_quest_reward_Message,0x0a16,2582,FL2C
FL2C_ans_all_remove_friend_Message,0x100f,4111,FL2C
FL2C_ans_amity_guild_list_Message,0x0d4d,3405,FL2C
FL2C_ans_apps_attendance_Message,,,FL2C
FL2C_ans_assemble_party_Message,,,FL2C
FL2C_ans_attach_talic_to_equip_Message,0x0506,1286,FL2C
FL2C_ans_attached_item_mail_Message,,,FL2C
FL2C_ans_attendance_reward_Message,0x1e04,7684,FL2C
FL2C_ans_babylon_occupation_boss_info_Message,0x3308,13064,FL2C
FL2C_ans_babylon_occupation_lobby_Message,0x3302,13058,FL2C
FL2C_ans_babylon_occupation_match_info_Message,0x3306,13062,FL2C
FL2C_ans_ban_item_list_on_exchange_Message,0x1d05,7429,FL2C
FL2C_ans_battlepass_levelup_Message,0x1e19,7705,FL2C
FL2C_ans_battlepass_reward_Message,0x1e17,7703,FL2C
FL2C_ans_biosuit_enchant_info_Message,0x2f02,12034,FL2C
FL2C_ans_block_guild_master_auth_Message,0x0da1,3489,FL2C
FL2C_ans_block_mail_user_list_Message,0x0c19,3097,FL2C
FL2C_ans_boss_schedule_Message,,,FL2C
FL2C_ans_boss_spawn_item_probability_info_Message,0x0421,1057,FL2C
FL2C_ans_boss_status_list_Message,,,FL2C
FL2C_ans_buy_cash_shop_data_Message,0x2008,8200,FL2C
FL2C_ans_buy_gold_shop_bulk_Message,0x200c,8204,FL2C
FL2C_ans_cancel_invite_guild_Message,0x0d1c,3356,FL2C
FL2C_ans_cancel_join_party_Message,0x1119,4377,FL2C
FL2C_ans_cancel_match_Message,,,FL2C
FL2C_ans_cancel_matchmaking_Message,,,FL2C
FL2C_ans_cancel_pk_chase_Message,,,FL2C
FL2C_ans_cancel_quest_Message,0x0a0b,2571,FL2C
FL2C_ans_cancel_regist_amity_guild_Message,0x0d43,3395,FL2C
FL2C_ans_cancel_request_join_guild_Message,0x0d35,3381,FL2C
FL2C_ans_cancel_wait_enter_map_Message,,,FL2C
FL2C_ans_carditem_confirm_Message,0x0521,1313,FL2C
FL2C_ans_carditem_redraw_Message,0x0523,1315,FL2C
FL2C_ans_carditem_result_Message,0x051a,1306,FL2C
FL2C_ans_carditem_select_slot_Message,0x051f,1311,FL2C
FL2C_ans_carditem_tuning_Message,0x054a,1354,FL2C
FL2C_ans_cash_inven_item_list_Message,0x200f,8207,FL2C
FL2C_ans_cash_inven_list_Message,0x200e,8206,FL2C
FL2C_ans_cash_shop_banner_data_Message,0x2003,8195,FL2C
FL2C_ans_cash_shop_buy_Message,0x200a,8202,FL2C
FL2C_ans_cash_shop_get_ceiling_list_Message,0x2022,8226,FL2C
FL2C_ans_cash_shop_get_ceiling_reward_Message,0x2024,8228,FL2C
FL2C_ans_cash_shop_product_data_Message,0x2005,8197,FL2C
FL2C_ans_cash_shop_product_item_data_Message,0x2006,8198,FL2C
FL2C_ans_cash_shop_tab_data_Message,0x2002,8194,FL2C
FL2C_ans_challenge_mode_previous_top_rank_squad_info_Message,0x036a,874,FL2C
FL2C_ans_challenge_mode_ranking_list_Message,0x0368,872,FL2C
FL2C_ans_challenge_mode_squad_disband_Message,0x036c,876,FL2C
FL2C_ans_challenge_mode_squad_info_Message,0x0366,870,FL2C
FL2C_ans_challenge_mode_squad_register_Message,0x035e,862,FL2C
FL2C_ans_change_biosuit_Message,0x1304,4868,FL2C
FL2C_ans_change_character_name_Message,0x0332,818,FL2C
FL2C_ans_change_equip_slot_Message,,,FL2C
FL2C_ans_change_guild_alias_mark_Message,0x0dad,3501,FL2C
FL2C_ans_change_guild_name_Message,0x0d2f,3375,FL2C
FL2C_ans_change_language_code_Message,0x0337,823,FL2C
FL2C_ans_change_member_rank_Message,,,FL2C
FL2C_ans_change_opt_unityalliance_Message,0x2a06,10758,FL2C
FL2C_ans_change_option_equip_Message,0x0510,1296,FL2C
FL2C_ans_change_pos_unityalliance_Message,0x2a10,10768,FL2C
FL2C_ans_change_preset_biosuit_enchant_Message,0x2f08,12040,FL2C
FL2C_ans_change_rank_unityalliance_Message,0x2a0a,10762,FL2C
FL2C_ans_change_request_mission_Message,0x0b1c,2844,FL2C
FL2C_ans_change_rover_Message,,,FL2C
FL2C_ans_change_skill_addon_Message,0x0706,1798,FL2C
FL2C_ans_change_visibility_option_Message,0x0516,1302,FL2C
FL2C_ans_channel_chat_block_Message,0x0f0c,3852,FL2C
FL2C_ans_channel_chat_block_list_Message,0x0f12,3858,FL2C
FL2C_ans_channel_chat_change_roominfo_Message,0x0f18,3864,FL2C
FL2C_ans_channel_chat_chat_Message,0x0f14,3860,FL2C
FL2C_ans_channel_chat_createroom_Message,,,FL2C
FL2C_ans_channel_chat_exitroom_Message,0x0f0a,3850,FL2C
FL2C_ans_channel_chat_get_history_Message,0x0f16,3862,FL2C
FL2C_ans_channel_chat_joinroom_Message,0x0f08,3848,FL2C
FL2C_ans_channel_chat_remove_block_Message,0x0f0e,3854,FL2C
FL2C_ans_channel_chat_report_Message,0x0f1b,3867,FL2C
FL2C_ans_channel_chat_room_event_Message,0x0f19,3865,FL2C
FL2C_ans_channel_chat_room_info_Message,0x0f06,3846,FL2C
FL2C_ans_channel_chat_roomlist_Message,,,FL2C
FL2C_ans_channel_chat_user_list_Message,0x0f10,3856,FL2C
FL2C_ans_channel_info_Message,0x0210,528,FL2C
FL2C_ans_character_gift_2ndpass_info_Message,0x202e,8238,FL2C
FL2C_ans_character_gift_2ndpass_set_Message,0x202c,8236,FL2C
FL2C_ans_character_gift_2ndpass_verify_Message,0x2030,8240,FL2C
FL2C_ans_character_gift_buy_info_Message,0x202a,8234,FL2C
FL2C_ans_character_gift_check_Message,,,FL2C
FL2C_ans_character_gift_make_Message,,,FL2C
FL2C_ans_character_info_Message,,,FL2C
FL2C_ans_charge_time_dungeon_Message,,,FL2C
FL2C_ans_charging_holygas_Message,0x1515,5397,FL2C
FL2C_ans_chat_report_Message,0x0e13,3603,FL2C
FL2C_ans_chat_unityalliance_Message,0x0e17,3607,FL2C
FL2C_ans_cheat_list_Message,,,FL2C
FL2C_ans_check_duplicate_guild_name_Message,,,FL2C
FL2C_ans_check_shop_product_Message,0x2015,8213,FL2C
FL2C_ans_check_use_cash_product_Message,0x2013,8211,FL2C
FL2C_ans_combinefail_info_Message,0x0536,1334,FL2C
FL2C_ans_combinefail_preview_Message,0x055a,1370,FL2C
FL2C_ans_combinefail_use_Message,0x0538,1336,FL2C
FL2C_ans_compose_talic_Message,0x050a,1290,FL2C
FL2C_ans_compose_talic_prob_list_Message,0x0558,1368,FL2C
FL2C_ans_conflict_area_info_Message,0x1812,6162,FL2C
FL2C_ans_connected_user_info_Message,0x2d02,11522,FL2C
FL2C_ans_conversion_talic_Message,0x050c,1292,FL2C
FL2C_ans_conversion_talic_prob_list_Message,0x050e,1294,FL2C
FL2C_ans_coreworld2_current_info_Message,0x2c0d,11277,FL2C
FL2C_ans_coreworld2_info_Message,0x2c0b,11275,FL2C
FL2C_ans_coreworld2_last_result_top_user_info_Message,0x2c11,11281,FL2C
FL2C_ans_coreworld_current_info_Message,0x2c04,11268,FL2C
FL2C_ans_coreworld_info_Message,0x2c02,11266,FL2C
FL2C_ans_coreworld_last_result_info_Message,0x2c06,11270,FL2C
FL2C_ans_coreworld_last_result_top_user_info_Message,0x2c08,11272,FL2C
FL2C_ans_costume_info_Message,0x2b01,11009,FL2C
FL2C_ans_craft_item_Message,0x0529,1321,FL2C
FL2C_ans_craft_item_bookmark_info_Message,0x052d,1325,FL2C
FL2C_ans_craft_item_period_info_Message,0x0546,1350,FL2C
FL2C_ans_craft_item_period_info_all_Message,0x0548,1352,FL2C
FL2C_ans_craft_item_prob_Message,0x052f,1327,FL2C
FL2C_ans_craft_ug_Message,0x150c,5388,FL2C
FL2C_ans_create_character_Message,,,FL2C
FL2C_ans_create_guild_Message,,,FL2C
FL2C_ans_create_party_Message,,,FL2C
FL2C_ans_create_unityalliance_Message,0x2a02,10754,FL2C
FL2C_ans_current_pk_history_info_Message,0x1916,6422,FL2C
FL2C_ans_delegate_party_leader_Message,,,FL2C
FL2C_ans_delete_character_Message,,,FL2C
FL2C_ans_delete_mail_Message,0x0c10,3088,FL2C
FL2C_ans_delete_personal_mail_Message,,,FL2C
FL2C_ans_delete_request_mission_Message,0x0b1e,2846,FL2C
FL2C_ans_destroy_unityalliance_Message,0x2a0e,10766,FL2C
FL2C_ans_detach_talic_to_equip_Message,0x0508,1288,FL2C
FL2C_ans_dismantle_item_Message,,,FL2C
FL2C_ans_ditch_items_Message,,,FL2C
FL2C_ans_donate_guild_Message,,,FL2C
FL2C_ans_duo_party_Message,0x112d,4397,FL2C
FL2C_ans_edit_customizing_Message,0x0314,788,FL2C
FL2C_ans_emergency_escape_Message,,,FL2C
FL2C_ans_emergency_escape_cooltime_Message,,,FL2C
FL2C_ans_enchant_biosuit_Message,0x2f04,12036,FL2C
FL2C_ans_enchant_equip_prob_Message,0x0514,1300,FL2C
FL2C_ans_enchant_skill_Message,0x0702,1794,FL2C
FL2C_ans_enchant_tech_link_Message,0x1518,5400,FL2C
FL2C_ans_enchant_ultimate_gear_level_Message,0x1513,5395,FL2C
FL2C_ans_enchantfail_list_Message,0x053a,1338,FL2C
FL2C_ans_enchantfail_preview_Message,0x055c,1372,FL2C
FL2C_ans_enchantfail_use_Message,0x053c,1340,FL2C
FL2C_ans_enemy_guild_list_Message,0x0d3f,3391,FL2C
FL2C_ans_enter_map_Message,,,FL2C
FL2C_ans_entry_connection_Message,,,FL2C
FL2C_ans_entry_login_Message,,,FL2C
FL2C_ans_equip_costume_Message,0x2b04,11012,FL2C
FL2C_ans_equip_inventory_info_Message,,,FL2C
FL2C_ans_equip_rover_costume_Message,0x3105,12549,FL2C
FL2C_ans_equip_title_Message,,,FL2C
FL2C_ans_equip_warehouse_info_Message,0x1f05,7941,FL2C
FL2C_ans_equip_weapon_costume_Message,0x3204,12804,FL2C
FL2C_ans_equipitem_remodel_Message,0x053e,1342,FL2C
FL2C_ans_equipitem_remodel_prob_Message,0x0540,1344,FL2C
FL2C_ans_event_item_exchange_Message,0x1e0a,7690,FL2C
FL2C_ans_event_mission_reward_Message,0x1e08,7688,FL2C
FL2C_ans_event_mother_ship_status_list_Message,0x1816,6166,FL2C
FL2C_ans_exchange_for_my_sales_list_Message,0x1d07,7431,FL2C
FL2C_ans_exchange_for_my_settlement_list_Message,0x1d09,7433,FL2C
FL2C_ans_exchange_for_my_transaction_history_Message,0x1d0b,7435,FL2C
FL2C_ans_exchange_market_price_information_Message,0x1d17,7447,FL2C
FL2C_ans_exp_rank_info_Message,,,FL2C
FL2C_ans_exp_rank_list_Message,,,FL2C
FL2C_ans_exploration_report_info_Message,0x2602,9730,FL2C
FL2C_ans_exploration_report_reward_Message,0x2604,9732,FL2C
FL2C_ans_extend_inven_slot_Message,,,FL2C
FL2C_ans_first_iap_Message,0x2018,8216,FL2C
FL2C_ans_fortress_auction_status_Message,0x3017,12311,FL2C
FL2C_ans_fortress_bid_Message,0x3019,12313,FL2C
FL2C_ans_fortress_bounty_info_list_Message,0x300a,12298,FL2C
FL2C_ans_fortress_donate_guild_Message,,,FL2C
FL2C_ans_fortress_history_Message,0x3013,12307,FL2C
FL2C_ans_fortress_last_result_detail_info_Message,0x3021,12321,FL2C
FL2C_ans_fortress_last_result_info_Message,0x301e,12318,FL2C
FL2C_ans_fortress_match_info_Message,0x3011,12305,FL2C
FL2C_ans_fortress_priority_join_Message,0x3015,12309,FL2C
FL2C_ans_friend_list_Message,,,FL2C
FL2C_ans_frontier_occupation_boss_info_Message,0x181e,6174,FL2C
FL2C_ans_frontier_occupation_contribution_Message,0x181c,6172,FL2C
FL2C_ans_frontier_occupation_info_Message,0x1818,6168,FL2C
FL2C_ans_frontier_occupation_region_Message,0x181a,6170,FL2C
FL2C_ans_game_event_attendance_list_Message,0x1e2a,7722,FL2C
FL2C_ans_game_event_base_data_Message,0x1e27,7719,FL2C
FL2C_ans_game_event_battle_pass_info_list_Message,0x1e0d,7693,FL2C
FL2C_ans_game_event_battle_pass_mission_list_Message,0x1e0f,7695,FL2C
FL2C_ans_game_event_battle_pass_reward_list_Message,0x1e0e,7694,FL2C
FL2C_ans_game_event_board_list_Message,0x1e2c,7724,FL2C
FL2C_ans_game_event_board_next_reward_list_no_Message,0x1e33,7731,FL2C
FL2C_ans_game_event_board_pick_reward_Message,0x1e2f,7727,FL2C
FL2C_ans_game_event_board_sub_reward_Message,0x1e31,7729,FL2C
FL2C_ans_game_event_board_sub_reward_list_Message,0x1e2d,7725,FL2C
FL2C_ans_game_event_capsule_gacha_Message,0x1e4c,7756,FL2C
FL2C_ans_game_event_capsule_list_Message,0x1e49,7753,FL2C
FL2C_ans_game_event_capsule_notice_Message,0x1e4d,7757,FL2C
FL2C_ans_game_event_capsule_rank_list_Message,0x1e4f,7759,FL2C
FL2C_ans_game_event_exchange_list_Message,0x1e2b,7723,FL2C
FL2C_ans_game_event_fake_mail_info_list_Message,0x1e56,7766,FL2C
FL2C_ans_game_event_group_buy_info_list_Message,0x1e66,7782,FL2C
FL2C_ans_game_event_group_buy_reward_Message,0x1e68,7784,FL2C
FL2C_ans_game_event_group_buy_special_reward_Message,0x1e6a,7786,FL2C
FL2C_ans_game_event_hot_time_info_list_Message,0x1e64,7780,FL2C
FL2C_ans_game_event_jumpto_list_Message,0x1e7e,7806,FL2C
FL2C_ans_game_event_minor_vote_cancel_vote_Message,0x1e7b,7803,FL2C
FL2C_ans_game_event_minor_vote_cast_vote_Message,0x1e79,7801,FL2C
FL2C_ans_game_event_minor_vote_info_Message,0x1e76,7798,FL2C
FL2C_ans_game_event_minor_vote_reward_Message,0x1e7d,7805,FL2C
FL2C_ans_game_event_minor_vote_round_info_Message,0x1e77,7799,FL2C
FL2C_ans_game_event_mission_list_Message,0x1e0b,7691,FL2C
FL2C_ans_game_event_mission_user_daily_no_Message,0x1e47,7751,FL2C
FL2C_ans_game_event_mission_user_data_Message,0x1e0c,7692,FL2C
FL2C_ans_game_event_once_mail_info_list_Message,0x1e39,7737,FL2C
FL2C_ans_game_event_paypass_info_list_Message,0x1e1a,7706,FL2C
FL2C_ans_game_event_paypass_mission_list_Message,0x1e1c,7708,FL2C
FL2C_ans_game_event_paypass_reward_list_Message,0x1e1b,7707,FL2C
FL2C_ans_game_event_rank_race_base_condition_Message,0x1e3f,7743,FL2C
FL2C_ans_game_event_rank_race_ranking_info_Message,0x1e3e,7742,FL2C
FL2C_ans_game_event_rank_race_ranking_list_data_Message,0x1e43,7747,FL2C
FL2C_ans_game_event_rank_race_reward_Message,0x1e41,7745,FL2C
FL2C_ans_game_event_rank_race_user_rank_Message,0x1e45,7749,FL2C
FL2C_ans_game_event_roulette_info_list_Message,0x1e5b,7771,FL2C
FL2C_ans_game_event_roulette_reward_Message,0x1e60,7776,FL2C
FL2C_ans_game_event_roulette_reward_info_list_Message,0x1e5c,7772,FL2C
FL2C_ans_game_event_roulette_reward_select_reward_Message,0x1e74,7796,FL2C
FL2C_ans_game_event_roulette_reward_select_reward_info_Message,0x1e6c,7788,FL2C
FL2C_ans_game_event_roulette_reward_select_slot_info_Message,0x1e6b,7787,FL2C
FL2C_ans_game_event_roulette_reward_select_slot_random_setting_Message,0x1e73,7795,FL2C
FL2C_ans_game_event_roulette_reward_select_slot_reset_Message,0x1e71,7793,FL2C
FL2C_ans_game_event_roulette_reward_select_slot_setting_Message,0x1e6f,7791,FL2C
FL2C_ans_game_event_roulette_reward_select_user_slot_info_Message,0x1e6d,7789,FL2C
FL2C_ans_game_event_roulette_sub_reward_Message,0x1e62,7778,FL2C
FL2C_ans_game_event_roulette_sub_reward_info_list_Message,0x1e5d,7773,FL2C
FL2C_ans_game_event_roulette_user_data_list_Message,0x1e5e,7774,FL2C
FL2C_ans_game_event_slot_jackpot_info_list_Message,0x1e50,7760,FL2C
FL2C_ans_game_event_slot_jackpot_play_Message,0x1e53,7763,FL2C
FL2C_ans_game_event_slot_jackpot_reward_Message,0x1e55,7765,FL2C
FL2C_ans_game_event_slot_jackpot_user_data_list_Message,0x1e51,7761,FL2C
FL2C_ans_game_event_string_data_Message,0x1e29,7721,FL2C
FL2C_ans_game_event_time_dungeon_reward_Message,0x1e63,7779,FL2C
FL2C_ans_game_event_time_mail_info_list_Message,0x1e35,7733,FL2C
FL2C_ans_game_event_user_capsule_info_Message,0x1e4a,7754,FL2C
FL2C_ans_game_event_user_data_Message,0x1e02,7682,FL2C
FL2C_ans_get_cash_define_Message,0x201e,8222,FL2C
FL2C_ans_get_cash_inven_item_Message,0x2011,8209,FL2C
FL2C_ans_get_sdk_reward_Message,0x2017,8215,FL2C
FL2C_ans_get_shop_product_item_Message,0x201c,8220,FL2C
FL2C_ans_get_smart_product_list_Message,0x2020,8224,FL2C
FL2C_ans_go_game_Message,0x020c,524,FL2C
FL2C_ans_google_token_Message,0x0228,552,FL2C
FL2C_ans_guild_attendance_Message,0x0d2b,3371,FL2C
FL2C_ans_guild_attendance_reward_Message,0x0d2d,3373,FL2C
FL2C_ans_guild_auction_bid_Message,0x2120,8480,FL2C
FL2C_ans_guild_auction_bid_member_type_for_base_option_Message,0x2116,8470,FL2C
FL2C_ans_guild_auction_bid_member_type_for_product_Message,0x2118,8472,FL2C
FL2C_ans_guild_auction_chat_Message,,,FL2C
FL2C_ans_guild_auction_config_fast_bidding_Message,0x211a,8474,FL2C
FL2C_ans_guild_auction_content_infos_Message,0x2104,8452,FL2C
FL2C_ans_guild_auction_history_infos_Message,0x2108,8456,FL2C
FL2C_ans_guild_auction_infos_Message,0x2103,8451,FL2C
FL2C_ans_guild_auction_new_product_arrive_Message,0x2101,8449,FL2C
FL2C_ans_guild_auction_notify_progress_info_Message,0x2123,8483,FL2C
FL2C_ans_guild_auction_product_infos_Message,0x2106,8454,FL2C
FL2C_ans_guild_auction_set_air_drop_type_default_Message,0x2111,8465,FL2C
FL2C_ans_guild_auction_set_air_drop_type_products_Message,0x210f,8463,FL2C
FL2C_ans_guild_auction_set_bid_reward_default_Message,0x2112,8466,FL2C
FL2C_ans_guild_auction_set_bid_reward_products_Message,0x210c,8460,FL2C
FL2C_ans_guild_auction_set_distribution_type_Message,0x2114,8468,FL2C
FL2C_ans_guild_auction_set_item_fast_bidding_Message,0x211c,8476,FL2C
FL2C_ans_guild_auction_set_item_stop_when_arrived_Message,0x211e,8478,FL2C
FL2C_ans_guild_auction_skip_result_time_Message,0x2128,8488,FL2C
FL2C_ans_guild_auction_sort_Message,0x210a,8458,FL2C
FL2C_ans_guild_auction_start_Message,0x2122,8482,FL2C
FL2C_ans_guild_auction_stop_Message,0x2126,8486,FL2C
FL2C_ans_guild_auction_update_product_info_Message,0x2124,8484,FL2C
FL2C_ans_guild_change_tax_rate_Message,0x0d78,3448,FL2C
FL2C_ans_guild_chat_Message,,,FL2C
FL2C_ans_guild_content_participation_info_Message,0x0dab,3499,FL2C
FL2C_ans_guild_currency_fortress_history_info_Message,0x0da5,3493,FL2C
FL2C_ans_guild_currency_list_Message,0x0d5b,3419,FL2C
FL2C_ans_guild_distribute_safebox_Message,0x0d76,3446,FL2C
FL2C_ans_guild_fortress_info_Message,0x0da7,3495,FL2C
FL2C_ans_guild_gift_list_Message,0x0d90,3472,FL2C
FL2C_ans_guild_hangar_change_my_ug_Message,0x0d89,3465,FL2C
FL2C_ans_guild_hangar_info_Message,0x0d82,3458,FL2C
FL2C_ans_guild_hangar_member_ug_list_Message,0x0d86,3462,FL2C
FL2C_ans_guild_hangar_my_ug_list_Message,0x0d8b,3467,FL2C
FL2C_ans_guild_hangar_set_ug_Message,0x0d84,3460,FL2C
FL2C_ans_guild_history_info_Message,0x0d9b,3483,FL2C
FL2C_ans_guild_info_Message,,,FL2C
FL2C_ans_guild_info_chat_Message,0x0d33,3379,FL2C
FL2C_ans_guild_info_transfer_Message,0x021e,542,FL2C
FL2C_ans_guild_member_banish_time_info_Message,0x0da3,3491,FL2C
FL2C_ans_guild_member_distribution_amount_info_Message,0x0d7a,3450,FL2C
FL2C_ans_guild_members_info_Message,0x0d7c,3452,FL2C
FL2C_ans_guild_minewar_occupy_member_info_Message,0x0d99,3481,FL2C
FL2C_ans_guild_mission_list_Message,0x0d54,3412,FL2C
FL2C_ans_guild_mission_reward_Message,0x0d58,3416,FL2C
FL2C_ans_guild_mission_reward_list_Message,0x0d56,3414,FL2C
FL2C_ans_guild_raid_match_info_Message,0x0d6e,3438,FL2C
FL2C_ans_guild_raid_play_info_Message,0x0d6a,3434,FL2C
FL2C_ans_guild_research_Message,0x0d8d,3469,FL2C
FL2C_ans_guild_safebox_history_info_Message,0x0d9f,3487,FL2C
FL2C_ans_guild_set_distribution_amount_Message,0x0d74,3444,FL2C
FL2C_ans_guild_skill_activate_Message,0x0d66,3430,FL2C
FL2C_ans_guild_skill_levelup_Message,0x0d64,3428,FL2C
FL2C_ans_guild_skill_list_Message,0x0d68,3432,FL2C
FL2C_ans_guild_suppression_play_info_Message,0x0d70,3440,FL2C
FL2C_ans_guild_weekly_ranking_list_Message,0x0d80,3456,FL2C
FL2C_ans_guild_withdraw_tax_Message,0x0d7e,3454,FL2C
FL2C_ans_insert_matchmaking_Message,,,FL2C
FL2C_ans_invite_guild_Message,0x0d1a,3354,FL2C
FL2C_ans_invite_to_party_Message,0x111e,4382,FL2C
FL2C_ans_item_collection_bookmark_info_Message,,,FL2C
FL2C_ans_item_option_prob_Message,0x0533,1331,FL2C
FL2C_ans_join_match_Message,,,FL2C
FL2C_ans_join_party_Message,0x1117,4375,FL2C
FL2C_ans_join_unityalliance_Message,0x2a08,10760,FL2C
FL2C_ans_kickout_unityalliance_Message,0x2a0c,10764,FL2C
FL2C_ans_language_code_Message,0x0335,821,FL2C
FL2C_ans_lobbystat_Message,,,FL2C
FL2C_ans_lock_roster_unityalliance_Message,0x2a14,10772,FL2C
FL2C_ans_lock_trade_list_Message,0x2514,9492,FL2C
FL2C_ans_login_Message,,,FL2C
FL2C_ans_logout_Message,,,FL2C
FL2C_ans_management_stat_info_Message,,,FL2C
FL2C_ans_map_content_enter_cool_time_Message,,,FL2C
FL2C_ans_map_content_user_count_Message,,,FL2C
FL2C_ans_mapcontent_result_info_Message,,,FL2C
FL2C_ans_mapcontent_schedule_Message,,,FL2C
FL2C_ans_match_party_Message,0x1124,4388,FL2C
FL2C_ans_match_ping_Message,0x2d04,11524,FL2C
FL2C_ans_max_cleared_dungeon_grade_Message,,,FL2C
FL2C_ans_minewar_history_Message,0x1b0d,6925,FL2C
FL2C_ans_minewar_mercenary_accept_Message,0x1b21,6945,FL2C
FL2C_ans_minewar_mercenary_accept_cancel_Message,0x1b23,6947,FL2C
FL2C_ans_minewar_mercenary_config_bounty_Message,0x1b14,6932,FL2C
FL2C_ans_minewar_mercenary_config_level_Message,0x1b11,6929,FL2C
FL2C_ans_minewar_mercenary_info_Message,0x1b1b,6939,FL2C
FL2C_ans_minewar_mercenary_reject_Message,0x1b25,6949,FL2C
FL2C_ans_minewar_mercenary_reject_all_Message,0x1b27,6951,FL2C
FL2C_ans_minewar_mercenary_request_Message,0x1b1d,6941,FL2C
FL2C_ans_minewar_mercenary_request_cancel_Message,0x1b1f,6943,FL2C
FL2C_ans_minewar_mercenary_start_recruit_Message,0x1b18,6936,FL2C
FL2C_ans_minewar_result_Message,0x1b0b,6923,FL2C
FL2C_ans_minewar_running_info_Message,0x1b09,6921,FL2C
FL2C_ans_minewar_skirmish_join_Message,0x1b05,6917,FL2C
FL2C_ans_minewar_skirmish_lobby_Message,0x1b03,6915,FL2C
FL2C_ans_minewar_skirmish_result_Message,0x1b07,6919,FL2C
FL2C_ans_minewar_skirmish_schedule_Message,,,FL2C
FL2C_ans_minewar_special_reward_info_Message,0x1b2d,6957,FL2C
FL2C_ans_minewar_winning_guild_Message,0x1b0f,6927,FL2C
FL2C_ans_mission_accept_Message,0x0b11,2833,FL2C
FL2C_ans_mission_cancel_Message,0x0b13,2835,FL2C
FL2C_ans_mission_list_in_have_Message,0x0b0d,2829,FL2C
FL2C_ans_mission_list_in_progress_Message,0x0b0c,2828,FL2C
FL2C_ans_mission_reward_recieve_Message,0x0b15,2837,FL2C
FL2C_ans_multi_enchant_equip_result_Message,0x0544,1348,FL2C
FL2C_ans_netmarble_settings_Message,0x2d0e,11534,FL2C
FL2C_ans_npc_shop_buy_batch_item_Message,,,FL2C
FL2C_ans_npc_shop_buy_item_Message,,,FL2C
FL2C_ans_npc_shop_buy_registeration_item_Message,,,FL2C
FL2C_ans_npc_shop_info_Message,,,FL2C
FL2C_ans_npc_shop_product_user_data_list_Message,,,FL2C
FL2C_ans_npc_shop_register_items_Message,,,FL2C
FL2C_ans_npc_shop_registeration_item_list_Message,,,FL2C
FL2C_ans_option_equip_lock_Message,0x0512,1298,FL2C
FL2C_ans_other_user_info_Message,,,FL2C
FL2C_ans_other_user_rank_Message,,,FL2C
FL2C_ans_paint_costume_Message,0x2b06,11014,FL2C
FL2C_ans_paint_ug_Message,0x1511,5393,FL2C
FL2C_ans_party_chat_Message,0x0e08,3592,FL2C
FL2C_ans_party_dungeon_2_season_record_info_Message,0x035c,860,FL2C
FL2C_ans_party_dungeon_penalty_info_Message,0x0357,855,FL2C
FL2C_ans_party_info_Message,0x1127,4391,FL2C
FL2C_ans_party_member_info_Message,0x1131,4401,FL2C
FL2C_ans_party_member_map_position_Message,0x1135,4405,FL2C
FL2C_ans_paypass_levelup_Message,0x1e25,7717,FL2C
FL2C_ans_paypass_reward_Message,0x1e23,7715,FL2C
FL2C_ans_period_title_collection_info_Message,,,FL2C
FL2C_ans_ping_Message,,,FL2C
FL2C_ans_pk_chase_info_Message,,,FL2C
FL2C_ans_pk_history_Message,,,FL2C
FL2C_ans_pk_mockery_msg_Message,,,FL2C
FL2C_ans_pk_rank_info_Message,,,FL2C
FL2C_ans_pk_rank_list_Message,,,FL2C
FL2C_ans_preconfirm_list_Message,0x051c,1308,FL2C
FL2C_ans_preconfirm_update_list_Message,0x051d,1309,FL2C
FL2C_ans_probability_draw_Message,0x0527,1319,FL2C
FL2C_ans_probability_draw_prime_Message,0x054c,1356,FL2C
FL2C_ans_probability_redraw_Message,0x0525,1317,FL2C
FL2C_ans_progress_mission_info_Message,0x0b18,2840,FL2C
FL2C_ans_purchase_fortress_skill_Message,0x300f,12303,FL2C
FL2C_ans_purchased_fortress_skill_list_Message,0x300d,12301,FL2C
FL2C_ans_put_in_warehouse_Message,0x1f02,7938,FL2C
FL2C_ans_put_ultimate_gear_in_hangar_Message,0x1503,5379,FL2C
FL2C_ans_quest_action_Message,0x0a09,2569,FL2C
FL2C_ans_quest_reward_Message,0x0a05,2565,FL2C
FL2C_ans_quest_skip_Message,0x0a0f,2575,FL2C
FL2C_ans_quick_chat_list_Message,0x0e0f,3599,FL2C
FL2C_ans_read_mail_Message,0x0c1b,3099,FL2C
FL2C_ans_realm_contribution_season_reward_Message,0x2405,9221,FL2C
FL2C_ans_realm_id_card_infos_Message,0x2406,9222,FL2C
FL2C_ans_realm_id_card_kit_change_bonus_line_Message,0x241c,9244,FL2C
FL2C_ans_realm_id_card_kit_infos_Message,0x2410,9232,FL2C
FL2C_ans_realm_id_card_kit_load_Message,0x2414,9236,FL2C
FL2C_ans_realm_id_card_kit_modify_Message,0x2418,9240,FL2C
FL2C_ans_realm_id_card_kit_reset_Message,0x2416,9238,FL2C
FL2C_ans_realm_id_card_kit_save_Message,0x2412,9234,FL2C
FL2C_ans_realm_id_card_kit_view_save_data_Message,0x241a,9242,FL2C
FL2C_ans_realm_id_card_rank_list_Message,0x240b,9227,FL2C
FL2C_ans_realm_id_card_rank_schedule_Message,0x2409,9225,FL2C
FL2C_ans_realm_id_card_update_contribution_Message,0x2407,9223,FL2C
FL2C_ans_realm_id_card_user_rank_Message,0x240d,9229,FL2C
FL2C_ans_realm_idcard_change_Message,0x2402,9218,FL2C
FL2C_ans_rebuy_item_Message,,,FL2C
FL2C_ans_receive_guild_gift_Message,0x0d92,3474,FL2C
FL2C_ans_receive_guild_invitation_Message,0x0d1d,3357,FL2C
FL2C_ans_receive_mail_Message,,,FL2C
FL2C_ans_receive_personal_mail_Message,,,FL2C
FL2C_ans_receive_regist_amity_guild_list_Message,0x0d47,3399,FL2C
FL2C_ans_receive_support_guild_list_Message,0x3006,12294,FL2C
FL2C_ans_recommend_guild_list_Message,,,FL2C
FL2C_ans_recovery_exp_Message,,,FL2C
FL2C_ans_recovery_exp_add_Message,,,FL2C
FL2C_ans_recovery_exp_info_list_Message,,,FL2C
FL2C_ans_refresh_mission_list_in_have_Message,0x0b0f,2831,FL2C
FL2C_ans_regist_amity_guild_Message,0x0d41,3393,FL2C
FL2C_ans_regist_amity_guild_list_Message,0x0d45,3397,FL2C
FL2C_ans_regist_enemy_guild_Message,0x0d3b,3387,FL2C
FL2C_ans_regist_trade_currency_Message,0x250d,9485,FL2C
FL2C_ans_regist_trade_item_Message,0x250b,9483,FL2C
FL2C_ans_register_block_mail_user_Message,,,FL2C
FL2C_ans_register_item_collection_Message,,,FL2C
FL2C_ans_release_amity_guild_Message,0x0d4b,3403,FL2C
FL2C_ans_release_enemy_guild_Message,0x0d3d,3389,FL2C
FL2C_ans_remove_black_list_Message,0x1014,4116,FL2C
FL2C_ans_remove_block_mail_user_Message,0x0c17,3095,FL2C
FL2C_ans_remove_friend_Message,0x100e,4110,FL2C
FL2C_ans_remove_pending_response_Message,0x100a,4106,FL2C
FL2C_ans_remove_trade_item_Message,0x250f,9487,FL2C
FL2C_ans_repair_broken_equip_Message,0x0518,1304,FL2C
FL2C_ans_report_player_for_unjust_pk_Message,0x0354,852,FL2C
FL2C_ans_request_achievement_complete_reward_Message,,,FL2C
FL2C_ans_request_cutscene_play_Message,0x0a0d,2573,FL2C
FL2C_ans_request_data_biosuit_Message,,,FL2C
FL2C_ans_request_data_rover_Message,,,FL2C
FL2C_ans_request_guild_invitation_list_Message,0x0d1f,3359,FL2C
FL2C_ans_request_info_end_Message,0x0344,836,FL2C
FL2C_ans_request_join_guild_Message,,,FL2C
FL2C_ans_request_join_guild_list_Message,,,FL2C
FL2C_ans_request_join_users_Message,0x0d31,3377,FL2C
FL2C_ans_request_location_info_Message,,,FL2C
FL2C_ans_request_my_guild_invitation_list_Message,0x0d23,3363,FL2C
FL2C_ans_request_quest_Message,0x0a07,2567,FL2C
FL2C_ans_request_support_guild_Message,0x301b,12315,FL2C
FL2C_ans_request_support_guild_list_Message,0x3004,12292,FL2C
FL2C_ans_request_warp_Message,0x0a12,2578,FL2C
FL2C_ans_reserve_pk_chase_Message,,,FL2C
FL2C_ans_reset_biosuit_enchant_Message,0x2f06,12038,FL2C
FL2C_ans_respond_challenge_mode_squad_register_Message,0x0361,865,FL2C
FL2C_ans_respond_party_invitation_Message,0x1121,4385,FL2C
FL2C_ans_respond_to_friend_request_Message,,,FL2C
FL2C_ans_revive_info_Message,,,FL2C
FL2C_ans_revive_player_Message,,,FL2C
FL2C_ans_reward_fake_mail_event_Message,0x1e59,7769,FL2C
FL2C_ans_reward_once_mail_event_Message,0x1e3c,7740,FL2C
FL2C_ans_reward_time_mail_event_Message,0x1e38,7736,FL2C
FL2C_ans_rover_costume_equip_info_Message,0x3102,12546,FL2C
FL2C_ans_rover_costume_info_Message,0x3101,12545,FL2C
FL2C_ans_rover_costume_parts_item_lock_list_info_Message,0x3108,12552,FL2C
FL2C_ans_rover_costume_parts_item_set_lock_Message,0x310a,12554,FL2C
FL2C_ans_runtime_change_item_craft_table_info_Message,0x055e,1374,FL2C
FL2C_ans_runtime_change_reward_table_info_Message,,,FL2C
FL2C_ans_save_position_data_Message,0x034e,846,FL2C
FL2C_ans_save_ug_skill_auto_bit_flag_Message,0x150f,5391,FL2C
FL2C_ans_search_friend_Message,0x100c,4108,FL2C
FL2C_ans_search_guild_name_Message,,,FL2C
FL2C_ans_search_party_Message,0x1111,4369,FL2C
FL2C_ans_search_recommendation_user_Message,0x111c,4380,FL2C
FL2C_ans_search_user_Message,0x112f,4399,FL2C
FL2C_ans_search_user_by_name_Message,0x0d37,3383,FL2C
FL2C_ans_select_defence_support_guild_Message,0x3002,12290,FL2C
FL2C_ans_sell_item_batch_Message,,,FL2C
FL2C_ans_send_friend_request_Message,,,FL2C
FL2C_ans_send_guild_member_mail_Message,0x0c0d,3085,FL2C
FL2C_ans_send_personal_mail_Message,,,FL2C
FL2C_ans_server_notice_Message,0x1c02,7170,FL2C
FL2C_ans_server_notice_msg_Message,0x1c03,7171,FL2C
FL2C_ans_server_status_Message,0x2d10,11536,FL2C
FL2C_ans_set_channel_chat_representative_room_id_Message,0x0f1e,3870,FL2C
FL2C_ans_set_distribute_type_unityalliance_Message,0x2a18,10776,FL2C
FL2C_ans_set_exploration_schedule_info_Message,,,FL2C
FL2C_ans_set_fortress_bounty_value_Message,0x3008,12296,FL2C
FL2C_ans_set_game_option_info_Message,0x033e,830,FL2C
FL2C_ans_set_lock_Message,0x0504,1284,FL2C
FL2C_ans_set_macro_score_Message,0x0370,880,FL2C
FL2C_ans_set_menu_bookmark_info_Message,0x0341,833,FL2C
FL2C_ans_set_ping_mode_Message,,,FL2C
FL2C_ans_set_preset_data_Message,,,FL2C
FL2C_ans_set_quickslot_data_Message,,,FL2C
FL2C_ans_set_red_notify_Message,,,FL2C
FL2C_ans_set_warehouse_batch_option_Message,0x1f0d,7949,FL2C
FL2C_ans_shop_product_summary_Message,0x201a,8218,FL2C
FL2C_ans_single_enchant_equip_result_Message,0x0542,1346,FL2C
FL2C_ans_stackable_item_inventory_info_Message,,,FL2C
FL2C_ans_stackable_item_warehouse_info_Message,0x1f06,7942,FL2C
FL2C_ans_start_exploration_schedule_Message,0x2702,9986,FL2C
FL2C_ans_start_offline_Message,0x2706,9990,FL2C
FL2C_ans_stop_exploration_schedule_Message,0x2704,9988,FL2C
FL2C_ans_subscription_info_Message,0x2026,8230,FL2C
FL2C_ans_summon_ultimate_gear_Message,0x1505,5381,FL2C
FL2C_ans_sweep_daily_mission_Message,0x0b1a,2842,FL2C
FL2C_ans_sweep_scion_training_Message,0x2802,10242,FL2C
FL2C_ans_tactical_lab_battle_core_craft_Message,0x220e,8718,FL2C
FL2C_ans_tactical_lab_battle_module_change_option_Message,0x2214,8724,FL2C
FL2C_ans_tactical_lab_battle_module_enchant_Message,0x2212,8722,FL2C
FL2C_ans_tactical_lab_battle_module_enchant_prob_Message,0x221a,8730,FL2C
FL2C_ans_tactical_lab_battle_module_info_Message,0x2210,8720,FL2C
FL2C_ans_tactical_lab_battle_module_preset_change_Message,0x221d,8733,FL2C
FL2C_ans_tactical_lab_battle_module_preset_import_Message,0x2221,8737,FL2C
FL2C_ans_tactical_lab_battle_module_preset_info_Message,0x221b,8731,FL2C
FL2C_ans_tactical_lab_battle_module_preset_name_Message,0x221f,8735,FL2C
FL2C_ans_tactical_lab_battle_module_reset_Message,0x2216,8726,FL2C
FL2C_ans_tactical_lab_battle_module_reset_all_Message,0x2218,8728,FL2C
FL2C_ans_tactical_lab_battle_record_gain_reward_Message,0x2204,8708,FL2C
FL2C_ans_tactical_lab_battle_record_info_Message,0x2202,8706,FL2C
FL2C_ans_tactical_lab_battle_record_levelup_Message,0x2206,8710,FL2C
FL2C_ans_tactical_lab_battle_simulation_activate_complete_Message,0x2209,8713,FL2C
FL2C_ans_tactical_lab_battle_simulation_info_Message,0x2207,8711,FL2C
FL2C_ans_tactical_lab_battle_simulation_map_content_request_Message,0x220b,8715,FL2C
FL2C_ans_take_out_warehouse_Message,0x1f04,7940,FL2C
FL2C_ans_talic_item_lock_list_info_Message,,,FL2C
FL2C_ans_talic_item_set_lock_Message,0x0424,1060,FL2C
FL2C_ans_tax_bank_info_Message,0x1d1d,7453,FL2C
FL2C_ans_tax_rate_info_Message,0x1d1f,7455,FL2C
FL2C_ans_tech_link_info_Message,0x1516,5398,FL2C
FL2C_ans_teleport_Message,,,FL2C
FL2C_ans_timedungeon_match_info_Message,0x035a,858,FL2C
FL2C_ans_title_info_Message,,,FL2C
FL2C_ans_trade_request_Message,0x2502,9474,FL2C
FL2C_ans_trade_request_cancel_Message,0x2506,9478,FL2C
FL2C_ans_transfer_check_Message,,,FL2C
FL2C_ans_transferitem_check_Message,,,FL2C
FL2C_ans_transform_weapon_Message,0x0531,1329,FL2C
FL2C_ans_transform_weapon_costume_Message,0x3208,12808,FL2C
FL2C_ans_tutorial_complete_Message,0x033a,826,FL2C
FL2C_ans_tutorial_info_Message,0x0338,824,FL2C
FL2C_ans_ua_applicant_list_Message,0x2a1d,10781,FL2C
FL2C_ans_ua_applicant_response_Message,0x2a1f,10783,FL2C
FL2C_ans_ua_invitation_list_Message,0x2a1b,10779,FL2C
FL2C_ans_ua_member_map_position_Message,0x2a21,10785,FL2C
FL2C_ans_ua_member_set_ready_Message,0x2a23,10787,FL2C
FL2C_ans_ug_stat_Message,0x150a,5386,FL2C
FL2C_ans_ug_summon_cool_Message,0x150d,5389,FL2C
FL2C_ans_ultimate_gear_hangar_info_Message,0x1507,5383,FL2C
FL2C_ans_ultimate_gear_inventory_info_Message,0x1506,5382,FL2C
FL2C_ans_unityalliance_list_Message,0x2a12,10770,FL2C
FL2C_ans_unlock_guild_emblem_Message,0x0d60,3424,FL2C
FL2C_ans_unlock_guild_emblem_list_Message,0x0d5e,3422,FL2C
FL2C_ans_unlock_trade_list_Message,0x2517,9495,FL2C
FL2C_ans_update_costume_info_Message,0x2b02,11010,FL2C
FL2C_ans_update_craft_item_bookmark_Message,0x052b,1323,FL2C
FL2C_ans_update_fraud_Message,0x0212,530,FL2C
FL2C_ans_update_guild_emblem_Message,0x0d25,3365,FL2C
FL2C_ans_update_guild_fortress_occupy_member_Message,0x0da9,3497,FL2C
FL2C_ans_update_guild_info_Message,0x0d29,3369,FL2C
FL2C_ans_update_guild_minewar_occupy_member_Message,0x0d97,3479,FL2C
FL2C_ans_update_guild_notice_or_pr_Message,0x0d27,3367,FL2C
FL2C_ans_update_guild_open_chat_info_Message,0x0d95,3477,FL2C
FL2C_ans_update_item_collection_bookmark_Message,,,FL2C
FL2C_ans_update_member_open_combat_power_Message,0x0d9d,3485,FL2C
FL2C_ans_update_member_profile_msg_Message,0x0d39,3385,FL2C
FL2C_ans_update_party_filter_Message,,,FL2C
FL2C_ans_update_party_option_Message,0x112a,4394,FL2C
FL2C_ans_update_personal_mail_Message,,,FL2C
FL2C_ans_update_quick_chat_Message,0x0e11,3601,FL2C
FL2C_ans_update_rover_costume_info_Message,0x3103,12547,FL2C
FL2C_ans_update_rover_costume_parts_Message,0x3107,12551,FL2C
FL2C_ans_update_skill_use_order_Message,0x070a,1802,FL2C
FL2C_ans_update_title_info_Message,,,FL2C
FL2C_ans_update_unityalliance_info_Message,0x2a04,10756,FL2C
FL2C_ans_update_watch_list_Message,,,FL2C
FL2C_ans_update_weapon_costume_info_Message,0x3202,12802,FL2C
FL2C_ans_upgrade_realm_id_card_Message,0x240f,9231,FL2C
FL2C_ans_use_boss_spawn_item_Message,,,FL2C
FL2C_ans_use_item_Message,,,FL2C
FL2C_ans_view_reward_list_Message,,,FL2C
FL2C_ans_wait_enter_map_Message,,,FL2C
FL2C_ans_wargame_base_info_Message,,,FL2C
FL2C_ans_wargame_candidate_Message,0x170e,5902,FL2C
FL2C_ans_wargame_matching_history_Message,,,FL2C
FL2C_ans_wargame_matching_info_Message,,,FL2C
FL2C_ans_wargame_season_Message,,,FL2C
FL2C_ans_wargame_season_reward_Message,,,FL2C
FL2C_ans_wargame_season_reward_info_Message,,,FL2C
FL2C_ans_watch_list_info_Message,,,FL2C
FL2C_ans_weapon_costume_info_Message,0x3201,12801,FL2C
FL2C_ans_whisper_chat_Message,0x0e0d,3597,FL2C
FL2C_ans_whisper_report_Message,0x0e15,3605,FL2C
FL2C_ans_withdraw_from_guild_Message,,,FL2C
FL2C_ans_withdraw_party_Message,,,FL2C
FL2C_ans_world_chat_Message,,,FL2C
FL2C_ans_world_group_chat_Message,0x0e19,3609,FL2C
FL2C_ans_world_group_chat_block_Message,0x0e1e,3614,FL2C
FL2C_ans_world_group_chat_report_Message,0x0e1b,3611,FL2C
FL2C_ans_world_info_transfer_Message,0x021c,540,FL2C
FL2C_ans_worldgroup_game_svr_list_Message,0x2d06,11526,FL2C
FL2C_ask_earth_check_skill_Message,0x0221,545,FL2C
FL2C_ask_earth_skill_Message,0x021f,543,FL2C
FL2C_ask_fire_check_skill_Message,0x0347,839,FL2C
FL2C_ask_fire_skill_Message,0x0345,837,FL2C
FL2C_ask_invite_member_unityalliance_Message,0x2a15,10773,FL2C
FL2C_ask_water_check_skill_Message,0x034b,843,FL2C
FL2C_ask_water_skill_Message,0x0349,841,FL2C
FL2C_ask_wind_check_skill_Message,0x0225,549,FL2C
FL2C_ask_wind_skill_Message,0x0223,547,FL2C
FL2C_ban_content_list_Message,,,FL2C
FL2C_base_stat_info_Message,,,FL2C
FL2C_biosuit_item_update_Message,0x1301,4865,FL2C
FL2C_bookmark_info_Message,0x1d1a,7450,FL2C
FL2C_cancel_challenge_mode_squad_register_Message,0x0363,867,FL2C
FL2C_cancel_join_party_info_Message,0x111a,4378,FL2C
FL2C_channel_chat_representative_room_id_Message,0x0f1c,3868,FL2C
FL2C_complete_challenge_mode_squad_register_Message,0x0364,868,FL2C
FL2C_complete_group_update_Message,0x0a10,2576,FL2C
FL2C_complete_match_Message,,,FL2C
FL2C_complete_quest_info_Message,,,FL2C
FL2C_currency_update_Message,,,FL2C
FL2C_current_quest_info_Message,,,FL2C
FL2C_drop_item_field_Message,,,FL2C
FL2C_end_user_info_Message,,,FL2C
FL2C_equip_item_update_Message,,,FL2C
FL2C_equipped_skill_list_Message,0x0703,1795,FL2C
FL2C_event_mission_daily_no_update_Message,0x1e46,7750,FL2C
FL2C_event_mission_progress_update_Message,0x1e06,7686,FL2C
FL2C_exploration_map_activate_Message,0x2302,8962,FL2C
FL2C_exploration_map_complete_info_Message,0x2301,8961,FL2C
FL2C_exploration_schedule_info_Message,,,FL2C
FL2C_finish_game_Message,,,FL2C
FL2C_gain_item_info_Message,0x2707,9991,FL2C
FL2C_game_option_info_Message,0x033c,828,FL2C
FL2C_global_matched_world_list_Message,0x0358,856,FL2C
FL2C_guild_currency_update_Message,0x0d5c,3420,FL2C
FL2C_guild_member_currency_update_Message,0x0d61,3425,FL2C
FL2C_guild_raid_finish_Message,0x0d6b,3435,FL2C
FL2C_guild_raid_play_round_reward_Message,0x0d6c,3436,FL2C
FL2C_guild_skill_info_update_Message,0x0d62,3426,FL2C
FL2C_guild_suppression_finish_Message,0x0d71,3441,FL2C
FL2C_guild_suppression_reward_Message,0x0d72,3442,FL2C
FL2C_item_collection_info_Message,,,FL2C
FL2C_item_cooltime_group_info_Message,,,FL2C
FL2C_keymapping_data_info_Message,0x0352,850,FL2C
FL2C_kick_out_Message,0x0209,521,FL2C
FL2C_macro_score_info_Message,0x036e,878,FL2C
FL2C_mapcontent_noti_Message,,,FL2C
FL2C_match_vote_info_Message,,,FL2C
FL2C_matchmaking_success_Message,,,FL2C
FL2C_menu_bookmark_info_Message,0x033f,831,FL2C
FL2C_minewar_mercenary_recruit_time_Message,,,FL2C
FL2C_mission_progress_update_Message,,,FL2C
FL2C_netmarbles_auth_token_Message,,,FL2C
FL2C_nmssw_verify_Message,0x0219,537,FL2C
FL2C_noti_challenge_mode_squad_disband_Message,0x036d,877,FL2C
FL2C_noti_challenge_mode_squad_register_Message,0x035f,863,FL2C
FL2C_noti_change_tax_rate_Message,0x1d20,7456,FL2C
FL2C_noti_cheat_result_Message,,,FL2C
FL2C_noti_cheat_ret_Message,,,FL2C
FL2C_noti_coreworld2_my_reward_info_Message,0x2c12,11282,FL2C
FL2C_noti_coreworld_my_reward_info_Message,0x2c09,11273,FL2C
FL2C_noti_event_mother_ship_schedule_Message,0x1814,6164,FL2C
FL2C_noti_fortress_bounty_info_Message,0x300b,12299,FL2C
FL2C_noti_fortress_destroyed_npc_result_info_Message,0x301f,12319,FL2C
FL2C_noti_fortress_my_reward_info_Message,0x301c,12316,FL2C
FL2C_noti_guild_hangar_changed_member_ug_Message,0x0d87,3463,FL2C
FL2C_noti_mapcontent_guild_auction_reward_list_Message,0x1813,6163,FL2C
FL2C_noti_mapcontent_minewar_result_Message,0x1810,6160,FL2C
FL2C_noti_party_info_Message,0x1132,4402,FL2C
FL2C_noti_reg_new_attendance_Message,0x1e05,7685,FL2C
FL2C_noti_register_request_mission_Message,0x0b1f,2847,FL2C
FL2C_noti_respond_to_friend_request_Message,0x1008,4104,FL2C
FL2C_noti_send_friend_request_Message,,,FL2C
FL2C_noti_update_guild_research_info_Message,0x0d8e,3470,FL2C
FL2C_notify_achievement_complete_Message,,,FL2C
FL2C_notify_achievement_update_Message,,,FL2C
FL2C_notify_activate_transaction_Message,0x2519,9497,FL2C
FL2C_notify_add_or_release_amity_guild_Message,0x0d4f,3407,FL2C
FL2C_notify_add_or_release_enemy_guild_Message,0x0d4e,3406,FL2C
FL2C_notify_babylon_occupation_match_end_Message,0x3304,13060,FL2C
FL2C_notify_babylon_occupation_match_start_Message,0x3303,13059,FL2C
FL2C_notify_cancel_regist_amity_guild_Message,0x0d52,3410,FL2C
FL2C_notify_cashshop_mode_Message,0x2027,8231,FL2C
FL2C_notify_change_request_data_Message,0x033b,827,FL2C
FL2C_notify_disable_transaction_Message,0x251a,9498,FL2C
FL2C_notify_equipped_set_items_info_Message,,,FL2C
FL2C_notify_error_Message,0x020a,522,FL2C
FL2C_notify_exchange_item_sell_Message,0x1d1b,7451,FL2C
FL2C_notify_expired_items_Message,,,FL2C
FL2C_notify_guild_gift_Message,0x0d93,3475,FL2C
FL2C_notify_guild_mission_reward_Message,0x0d59,3417,FL2C
FL2C_notify_inapp_review_Message,0x0333,819,FL2C
FL2C_notify_lock_trade_list_Message,0x2515,9493,FL2C
FL2C_notify_minewar_mercenary_config_bounty_Message,0x1b15,6933,FL2C
FL2C_notify_minewar_mercenary_config_bounty_to_alluser_Message,0x1b16,6934,FL2C
FL2C_notify_minewar_mercenary_config_level_to_alluser_Message,0x1b12,6930,FL2C
FL2C_notify_minewar_mercenary_entry_all_Message,0x1b2b,6955,FL2C
FL2C_notify_minewar_mercenary_recruit_to_guild_Message,0x1b29,6953,FL2C
FL2C_notify_minewar_mercenary_recruit_to_requester_Message,0x1b2a,6954,FL2C
FL2C_notify_minewar_mercenary_start_recruit_Message,0x1b19,6937,FL2C
FL2C_notify_new_mail_Message,,,FL2C
FL2C_notify_new_skillbook_info_Message,0x0708,1800,FL2C
FL2C_notify_pvp_kill_assist_info_Message,,,FL2C
FL2C_notify_quest_questzone_fail_Message,0x0a14,2580,FL2C
FL2C_notify_realm_contribution_levelup_reward_Message,0x2403,9219,FL2C
FL2C_notify_receive_regist_amity_guild_Message,0x0d51,3409,FL2C
FL2C_notify_reject_regist_amity_guild_Message,0x0d50,3408,FL2C
FL2C_notify_string_table_version_Message,0x2e01,11777,FL2C
FL2C_notify_trade_request_Message,0x2503,9475,FL2C
FL2C_notify_trade_request_cancel_Message,0x2507,9479,FL2C
FL2C_notify_trade_request_result_Message,0x2508,9480,FL2C
FL2C_notify_unlock_trade_list_Message,0x2518,9496,FL2C
FL2C_party_member_info_Message,0x112b,4395,FL2C
FL2C_period_content_info_Message,0x0342,834,FL2C
FL2C_preset_data_info_Message,,,FL2C
FL2C_quest_update_Message,,,FL2C
FL2C_quickslot_data_info_Message,,,FL2C
FL2C_receive_party_invitation_Message,0x111f,4383,FL2C
FL2C_receive_pk_mockery_msg_Message,,,FL2C
FL2C_recommended_item_on_exchange_Message,0x1d18,7448,FL2C
FL2C_red_notify_info_Message,0x0315,789,FL2C
FL2C_refused_invite_party_Message,0x1122,4386,FL2C
FL2C_refused_join_party_Message,0x1116,4374,FL2C
FL2C_rejoin_party_info_Message,0x1128,4392,FL2C
FL2C_request_to_join_party_Message,0x1113,4371,FL2C
FL2C_respond_detailed_list_of_purchase_on_exchange_Message,0x1d04,7428,FL2C
FL2C_respond_purchase_list_on_exchange_Message,0x1d02,7426,FL2C
FL2C_respond_settlement_of_exchange_Message,0x1d15,7445,FL2C
FL2C_respond_to_cancellation_of_sale_item_on_exchange_Message,0x1d0f,7439,FL2C
FL2C_respond_to_purchase_item_on_exchange_Message,0x1d13,7443,FL2C
FL2C_respond_to_registration_of_sale_item_on_exchange_Message,0x1d0d,7437,FL2C
FL2C_respond_to_reregistration_of_sale_item_on_exchange_Message,0x1d11,7441,FL2C
FL2C_restore_schedule_list_Message,0x0534,1332,FL2C
FL2C_reward_detail_info_Message,,,FL2C
FL2C_rover_item_update_Message,,,FL2C
FL2C_save_position_data_info_Message,0x034f,847,FL2C
FL2C_sequence_wait_enter_map_Message,,,FL2C
FL2C_server_debug_log_Message,,,FL2C
FL2C_server_error_Message,,,FL2C
FL2C_skill_enchant_infos_Message,0x0704,1796,FL2C
FL2C_skill_use_order_infos_Message,0x070b,1803,FL2C
FL2C_skillbook_infos_Message,0x0707,1799,FL2C
FL2C_stackable_item_update_Message,,,FL2C
FL2C_system_msg_Message,0x0e09,3593,FL2C
FL2C_system_msg_list_Message,0x0e0a,3594,FL2C
FL2C_tactical_lab_battle_module_update_Message,0x220f,8719,FL2C
FL2C_tactical_lab_battle_record_update_Message,0x2201,8705,FL2C
FL2C_trade_begin_Message,0x2509,9481,FL2C
FL2C_trade_result_Message,0x251e,9502,FL2C
FL2C_ultimate_gear_hangar_slot_update_Message,0x1508,5384,FL2C
FL2C_ultimate_gear_update_Message,,,FL2C
FL2C_unjust_pk_info_Message,0x0355,853,FL2C
FL2C_update_challenge_mode_squad_register_Message,0x0362,866,FL2C
FL2C_update_exp_Message,,,FL2C
FL2C_update_friend_state_Message,0x1010,4112,FL2C
FL2C_update_identity_verification_Message,0x0214,532,FL2C
FL2C_update_item_cooltime_group_info_Message,,,FL2C
FL2C_update_member_info_unityalliance_Message,0x2a19,10777,FL2C
FL2C_update_pk_chase_Message,,,FL2C
FL2C_update_register_device_Message,0x0216,534,FL2C
FL2C_update_tactical_lab_battle_simulation_map_content_complete_Message,0x220c,8716,FL2C
FL2C_update_trade_list_Message,0x2510,9488,FL2C
FL2C_update_transaction_Message,0x251d,9501,FL2C
FL2C_use_item_box_reward_list_Message,,,FL2C
FL2C_use_weapon_costume_reward_list_Message,,,FL2C
FL2C_user_battlepass_level_list_Message,0x1e13,7699,FL2C
FL2C_user_battlepass_level_update_Message,0x1e10,7696,FL2C
FL2C_user_battlepass_mission_list_Message,0x1e15,7701,FL2C
FL2C_user_battlepass_mission_update_Message,0x1e12,7698,FL2C
FL2C_user_battlepass_reward_record_list_Message,0x1e14,7700,FL2C
FL2C_user_battlepass_reward_record_update_Message,0x1e11,7697,FL2C
FL2C_user_fake_mail_reward_record_list_Message,0x1e57,7767,FL2C
FL2C_user_fake_mail_reward_record_update_Message,0x1e5a,7770,FL2C
FL2C_user_info_Message,,,FL2C
FL2C_user_once_mail_reward_record_list_Message,0x1e3a,7738,FL2C
FL2C_user_once_mail_reward_record_update_Message,0x1e3d,7741,FL2C
FL2C_user_paypass_level_list_Message,0x1e1f,7711,FL2C
FL2C_user_paypass_level_update_Message,0x1e1d,7709,FL2C
FL2C_user_paypass_mission_list_Message,0x1e21,7713,FL2C
FL2C_user_paypass_mission_update_Message,0x1e1e,7710,FL2C
FL2C_user_paypass_reward_record_list_Message,0x1e20,7712,FL2C
FL2C_user_time_mail_reward_record_list_Message,0x1e36,7734,FL2C
FL2C_user_time_mail_reward_record_update_Message,0x1e34,7732,FL2C
FL2C_wait_end_enter_map_Message,,,FL2C
FL2C_warehouse_batch_option_info_Message,0x1f0e,7950,FL2C
FL2C_warehouse_batch_put_in_option_info_Message,0x1f0b,7947,FL2C
FL2C_warehouse_equip_item_update_Message,0x1f07,7943,FL2C
FL2C_warehouse_stackable_item_update_Message,0x1f08,7944,FL2C
FL2C_world_group_chat_block_info_Message,0x0e1c,3612,FL2C
